"id"	"id_rnaseq"	"sex"	"age_wk"	"age_d"	"strain"	"genotype"	"generation"	"microscope_count_total"	"tec_prc_cells"	"tec_prc_single"	"tec_prc_living"	"tec_prc_tec"	"tec_count_tec"	"tec_prc_Ly51+UEA1-"	"tec_count_Ly51+UEA1-"	"tec_prc_Ly51-UEA1+"	"tec_count_Ly51-UEA1+"	"tec_prc_Ly51-UEA1-"	"tec_count_Ly51-UEA1-"	"TI"	"thymocytes_prc_thymocytes"	"thymocytes_prc_single"	"thymocytes_prc_living"	"thymocytes_prc_cd45"	"thymocytes_count_cd45"	"thymocytes_prc_cd4sp_of_cd45"	"thymocytes_count_cd4sp"	"thymocytes_prc_cd8sp_of_cd45"	"thymocytes_count_cd8sp"	"thymocytes_prc_dp_of_cd45"	"thymocytes_count_dp"	"thymocytes_prc_dn_of_cd45"	"thymocytes_count_dn"	"thymocytes_prc_tcrb_of_dn"	"thymocytes_count_tcrb"	"thymocytes_prc_tcrgd_of_dn"	"thymocytes_count_tcrgd"	"thymocytes_prc_cd19_of_dn"	"thymocytes_count_cd19"	"thymocytes_prc_lineage-_of_dn"	"thymocytes_count_lineage-"	"thymocytes_prc_dn1_of_lineage-"	"thymocytes_prc_dn2_of_lineage-"	"thymocytes_prc_dn3_of_lineage-"	"thymocytes_prc_dn4_of_lineage-"	"thymocytes_count_dn1"	"thymocytes_count_dn2"	"thymocytes_count_dn3"	"thymocytes_count_dn4"	"tecs"	"thymocytes"	"ctecs"	"mtecs"	"microscope_count_total_1e6"	"tecs_1e3"	"thymocytes_1e6"	"tec_count_Ly51+UEA1-_1e3"	"tec_count_Ly51-UEA1+_1e3"	"thymocytes_count_cd45_1e6"	"thymocytes_count_cd4sp_1e6"	"thymocytes_count_cd8sp_1e6"	"thymocytes_count_dp_1e6"	"thymocytes_count_tcrb_1e6"	"thymocytes_count_cd19_1e6"
"373"	"NA"	"F"	10	"NA"	"PWK"	"wt"	"F0"	52800000	100	93.9	99.4	0.00672	3311.73190656	31.6	1046.50728247296	61.7	2043.33858634752	1.88	60	15943	81.9	97.6	99.2	99.7	41740000	11	4591400	2.55	1064370	83.7	34936380	2.74	1143676	15.2	173838.752	12.2	139528.472	6.64	75940.0864	1.42	"NA"	3.55	2.37	56.5	37.6	1481770	989238	23583100	15694240	3311.73190656	41740000	1046.50728247296	2043.33858634752	52.8	3.31173190656	41.74	1.04650728247296	2.04333858634752	41.74	4.5914	1.06437	34.93638	0.173838752	0.0759400864
"374"	"NA"	"F"	10	"NA"	"PWK"	"wt"	"F0"	69480000	100	94.3	99.6	0.00935	6101.58199464	12.8	781.00249531392	84.2	5137.53203948688	1.4	90	11387	83.8	97.4	98.9	99.6	55860000	10.5	5865300	2.43	1357398	84.8	47369280	2.19	1223334	19.1	233656.794	11	134566.74	5.71	69852.3714	1.13	"NA"	5.21	2.05	49.8	42.9	2910306	1145130	27818280	23963940	6101.58199464	55860000	781.00249531392	5137.53203948688	69.48	6.10158199464	55.86	0.78100249531392	5.13753203948688	55.86	5.8653	1.357398	47.36928	0.233656794	0.0698523714
"375"	"NA"	"F"	10	"NA"	"PWK"	"wt"	"F0"	52260000	100	95.7	99.8	0.00937	4676.828831532	15.8	738.938955382056	79.8	3732.10940756254	2.22	100	11174	84.5	98.1	99.1	99.9	42890000	10.9	4675010	3.2	1372480	83.6	35856040	2.37	1016493	13.6	138243.048	10.2	103682.286	7.37	74915.5341	1.37	"NA"	2.54	3.42	66	28	1089406	1466838	28307400	12009200	4676.828831532	42890000	738.938955382056	3732.10940756254	52.26	4.676828831532	42.89	0.738938955382056	3.73210940756254	42.89	4.67501	1.37248	35.85604	0.138243048	0.0749155341
"403"	"NA"	"M"	10	"NA"	"PWK"	"wt"	"F0"	26320000	100	92.4	81.5	0.014	2774.875488	12.8	355.184062464	85.4	2369.743666752	1.16	30	9485	86.8	96.6	99.6	98.8	21720000	10.4	2258880	2.36	512592	85.2	18505440	2.07	449604	13.6	61146.144	12.1	54402.084	3.68	16545.4272	1	"NA"	2.57	2.18	58.9	36.3	558204	473496	12793080	7884360	2774.875488	21720000	355.184062464	2369.743666752	26.32	2.774875488	21.72	0.355184062464	2.369743666752	21.72	2.25888	0.512592	18.50544	0.061146144	0.0165454272
"84"	"NA"	"F"	10	"NA"	"CBA"	"wt"	"F0"	213900000	100	95.1	99.4	0.064	129406.967424	9.55	12358.365388992	88.2	114136.945267968	0.85	1100	1653	82.3	97.8	99	100	170450000	7.27	12391715	2.4	4090800	87.1	148461950	3.2	5454400	18.9	1030881.6	6.09	332172.96	1.76	95997.44	73	"NA"	15	12.2	27.1	45.7	25567500	20794900	46191950	77895650	129406.967424	170450000	12358.365388992	114136.945267968	213.9	129.406967424	170.45	12.358365388992	114.136945267968	170.45	12.391715	4.0908	148.46195	1.0308816	0.09599744
"85"	"NA"	"F"	10	"NA"	"CBA"	"wt"	"F0"	156840000	100	95.9	99.4	0.059	88209.1905576	19.5	17200.792158732	76.7	67656.4491576792	1.95	1720	1778	79.9	97.8	99.1	100	121460000	7.17	8708682	2.23	2708558	87.7	106520420	2.9	3522340	23	810138.2	5.48	193024.232	1.14	40154.676	72.1	"NA"	21.5	11	26.3	41.2	26113900	13360600	31943980	50041520	88209.1905576	121460000	17200.792158732	67656.4491576792	156.84	88.2091905576	121.46	17.200792158732	67.6564491576792	121.46	8.708682	2.708558	106.52042	0.8101382	0.040154676
"88"	"NA"	"F"	10	"NA"	"CBA"	"wt"	"F0"	214140000	100	95	99.1	0.066	133057.38798	13.7	18228.86215326	82.9	110304.57463542	1.76	2340	1609	83.3	97.1	99.2	99.9	171650000	7.21	12375965	2.61	4480065	87	149335500	3.14	5389810	21.8	1174978.58	5.24	282426.044	1.39	74918.359	73.4	"NA"	24.2	11.4	25.9	38.5	41539300	19568100	44457350	66085250	133057.38798	171650000	18228.86215326	110304.57463542	214.14	133.05738798	171.65	18.22886215326	110.30457463542	171.65	12.375965	4.480065	149.3355	1.17497858	0.074918359
"390"	"NA"	"F"	10	"NA"	"CBA"	"wt"	"F0"	162540000	100	93.4	98.9	0.032	48045.5756928	23.6	11338.7558635008	72.9	35025.2246800512	0.95	460	3383	84.6	95.9	98.1	100	129370000	7.52	9728624	2.09	2703833	87.4	113069380	3.06	3958722	23.6	934258.392	6.39	252962.3358	0.67	26523.4374	1.64	"NA"	29.2	1.65	32.6	36.5	37776040	2134605	42174620	47220050	48045.5756928	129370000	11338.7558635008	35025.2246800512	162.54	48.0455756928	129.37	11.3387558635008	35.0252246800512	129.37	9.728624	2.703833	113.06938	0.934258392	0.0265234374
"391"	"NA"	"F"	10	"NA"	"CBA"	"wt"	"F0"	178920000	100	93.5	99.1	0.033	54708.914106	22.8	12473.632416168	74.7	40867.558837182	0.71	390	3270	88	96.5	98.7	100	149960000	8.66	12986536	2.09	3134164	86.5	129715400	2.78	4168888	21.2	883804.256	8.43	351437.2584	0.58	24179.5504	1.42	"NA"	24.2	1.84	38.2	35.7	36290320	2759264	57284720	53535720	54708.914106	149960000	12473.632416168	40867.558837182	178.92	54.708914106	149.96	12.473632416168	40.867558837182	149.96	12.986536	3.134164	129.7154	0.883804256	0.0241795504
"394"	"NA"	"F"	10	"NA"	"CBA"	"wt"	"F0"	183300000	100	95.1	84.4	0.04	58849.85808	27	15889.4616816	71.5	42077.6485272	0.3	180	3115	83.7	98.5	97.6	99.7	147050000	6.21	9131805	2.23	3279215	89	130874500	2.62	3852710	24.6	947766.66	5.31	204578.901	1.25	48158.875	1.46	"NA"	25.3	3.23	33.7	37.7	37203650	4749715	49555850	55437850	58849.85808	147050000	15889.4616816	42077.6485272	183.3	58.84985808	147.05	15.8894616816	42.0776485272	147.05	9.131805	3.279215	130.8745	0.94776666	0.048158875
"395"	"NA"	"F"	10	"NA"	"CBA"	"wt"	"F0"	187680000	100	96.4	88.3	0.036	57511.9685376	23.9	13745.3604804864	74.2	42673.8806548992	0.71	410	3263	85.4	98.2	97.2	99.9	152830000	5.16	7886028	2.38	3637354	89.8	137241340	2.68	4095844	20.8	851935.552	4.41	180626.7204	1.2	49150.128	1.62	"NA"	24.9	4.15	35.9	35.1	38054670	6342445	54865970	53643330	57511.9685376	152830000	13745.3604804864	42673.8806548992	187.68	57.5119685376	152.83	13.7453604804864	42.6738806548992	152.83	7.886028	3.637354	137.24134	0.851935552	0.049150128
"396"	"NA"	"F"	10	"NA"	"CBA"	"wt"	"F0"	197280000	100	93.2	84.1	0.042	64944.7811712	19.8	12859.0666718976	78.6	51046.5980005632	0.31	200	3038	88.6	97.8	97.8	99.8	166850000	6.01	10027685	2.03	3387055	88.7	147995950	2.28	3804180	26	989086.8	5.62	213794.916	1.52	57823.536	1.23	"NA"	28.6	3.57	32.9	34.9	47719100	5956545	54893650	58230650	64944.7811712	166850000	12859.0666718976	51046.5980005632	197.28	64.9447811712	166.85	12.8590666718976	51.0465980005632	166.85	10.027685	3.387055	147.99595	0.9890868	0.057823536
"397"	"NA"	"F"	10	"NA"	"CBA"	"wt"	"F0"	191160000	100	93.3	82.9	0.043	63577.2372516	26.5	16847.967871674	72.5	46093.49700741	0.19	120	3007	86.1	97.8	97.2	99.9	156300000	5.61	8768430	2.51	3923130	89.3	139575900	2.58	4032540	24.6	992004.84	4.55	183480.57	3.23	130251.042	1.43	"NA"	29.9	3.37	31.4	35.4	46733700	5267310	49078200	55330200	63577.2372516	156300000	16847.967871674	46093.49700741	191.16	63.5772372516	156.3	16.847967871674	46.09349700741	156.3	8.76843	3.92313	139.5759	0.99200484	0.130251042
"90"	"NA"	"M"	10	"NA"	"CBA"	"wt"	"F0"	150060000	100	96.7	99.5	0.058	83741.838342	14	11723.85736788	82.5	69087.01663215	1.63	1360	1792	86.4	98.4	99.8	83.8	106700000	8.8	9389600	3.24	3457080	84.9	90588300	3.05	3254350	21.1	686667.85	8.36	272063.66	2.03	66063.305	71.5	"NA"	16.2	9.73	24.7	49.3	17285400	10381910	26354900	52603100	83741.838342	106700000	11723.85736788	69087.01663215	150.06	83.741838342	106.7	11.72385736788	69.08701663215	106.7	9.3896	3.45708	90.5883	0.68666785	0.066063305
"91"	"NA"	"M"	10	"NA"	"CBA"	"wt"	"F0"	137760000	100	96.1	99.3	0.071	93337.0604208	23.1	21560.8609572048	72.9	68042.7170467632	1.72	1610	1476	81.9	97.9	99.4	95.7	105070000	7.87	8269009	2.9	3047030	86.2	90570340	3.02	3173114	21.3	675873.282	6.63	210377.4582	1.49	47279.3986	72.3	"NA"	16.7	10.1	27.4	45.7	17546690	10612070	28789180	48016990	93337.0604208	105070000	21560.8609572048	68042.7170467632	137.76	93.3370604208	105.07	21.5608609572048	68.0427170467632	105.07	8.269009	3.04703	90.57034	0.675873282	0.0472793986
"92"	"NA"	"M"	10	"NA"	"CBA"	"wt"	"F0"	178800000	100	96.2	99.3	0.078	133225.217424	19.1	25446.016527984	78	103915.66959072	1.19	1590	1342	82.8	97.6	99.2	99.9	143190000	8.19	11727261	2.7	3866130	86.1	123286590	3.04	4352976	21	914124.96	7.26	316026.0576	2.01	87494.8176	71.6	"NA"	15.8	10.8	26.4	47.1	22624020	15464520	37802160	67442490	133225.217424	143190000	25446.016527984	103915.66959072	178.8	133.225217424	143.19	25.446016527984	103.91566959072	143.19	11.727261	3.86613	123.28659	0.91412496	0.0874948176
"116"	"NA"	"M"	10	"NA"	"CBA"	"wt"	"F0"	127840000	100	93.9	99.4	0.061	72786.1207584	20	14557.22415168	76.6	55754.1685009344	0.89	650	1756	77.1	97.9	99.3	99.9	95720000	6.49	6212228	3.07	2938604	87.3	83563560	3.09	2957748	21.2	627042.576	6.06	179239.5288	2.65	78380.322	"NA"	"NA"	"NA"	"NA"	"NA"	"NA"	"NA"	"NA"	"NA"	"NA"	72786.1207584	95720000	14557.22415168	55754.1685009344	127.84	72.7861207584	95.72	14.55722415168	55.7541685009344	95.72	6.212228	2.938604	83.56356	0.627042576	0.078380322
"117"	"NA"	"M"	10	"NA"	"CBA"	"wt"	"F0"	124400000	100	94.2	99.4	0.078	90855.719136	23.5	21351.09399696	73	66324.67496928	0.85	770	1369	78.9	98.3	99.4	100	95900000	7.04	6751360	2.28	2186520	88	84392000	2.72	2608480	22.6	589516.48	7.62	198766.176	1.55	40431.44	"NA"	"NA"	"NA"	"NA"	"NA"	"NA"	"NA"	"NA"	"NA"	"NA"	90855.719136	95900000	21351.09399696	66324.67496928	124.4	90.855719136	95.9	21.35109399696	66.32467496928	95.9	6.75136	2.18652	84.392	0.58951648	0.04043144
"118"	"NA"	"M"	10	"NA"	"CBA"	"wt"	"F0"	135120000	100	94.4	99.5	0.075	95186.6352	26	24748.525152	71.8	68344.0040736	0.82	780	1420	80.3	97.1	99.2	100	104510000	6.89	7200739	2.7	2821770	87.1	91028210	3.32	3469732	21	728643.72	6.46	224144.6872	2.54	88131.1928	"NA"	"NA"	"NA"	"NA"	"NA"	"NA"	"NA"	"NA"	"NA"	"NA"	95186.6352	104510000	24748.525152	68344.0040736	135.12	95.1866352	104.51	24.748525152	68.3440040736	104.51	7.200739	2.82177	91.02821	0.72864372	0.0881311928
"121"	"NA"	"M"	10	"NA"	"CBA"	"wt"	"F0"	94040000	100	94.3	99.2	0.051	44864.8439424	23.9	10722.6977022336	73.5	32975.660297664	0.34	150	2096	75.7	98.4	99.2	99.8	69350000	7.18	4979330	2.2	1525700	87.7	60819950	2.91	2018085	24.7	498466.995	8.44	170326.374	1.71	34509.2535	"NA"	"NA"	"NA"	"NA"	"NA"	"NA"	"NA"	"NA"	"NA"	"NA"	44864.8439424	69350000	10722.6977022336	32975.660297664	94.04	44.8648439424	69.35	10.7226977022336	32.975660297664	69.35	4.97933	1.5257	60.81995	0.498466995	0.0345092535
"410"	"NA"	"M"	10	"NA"	"CBA"	"wt"	"F0"	188220000	100	93.9	84.9	0.03	45015.316326	21.8	9813.338959068	76.2	34301.671040412	0.3	140	4181	87	93.6	99.1	99.9	151740000	8.18	12412332	2.09	3171366	86.4	131103360	3.33	5052942	17.6	889317.792	6.32	319345.9344	0.91	45981.7722	1.94	"NA"	22.7	1.45	38.4	37.5	34444980	2200230	58268160	56902500	45015.316326	151740000	9813.338959068	34301.671040412	188.22	45.015316326	151.74	9.813338959068	34.301671040412	151.74	12.412332	3.171366	131.10336	0.889317792	0.0459817722
"411"	"NA"	"M"	10	"NA"	"CBA"	"wt"	"F0"	172500000	100	91.5	82.9	0.024	31403.349	19	5966.63631	78.8	24745.839012	0.88	280	5493	84.8	93.3	98.7	99.9	134570000	8.73	11747961	2.07	2785599	86	115730200	3.18	4279326	19.2	821630.592	8.44	361175.1144	1.13	48356.3838	1.72	"NA"	25.3	1.4	34.9	38.4	34046210	1883980	46964930	51674880	31403.349	134570000	5966.63631	24745.839012	172.5	31.403349	134.57	5.96663631	24.745839012	134.57	11.747961	2.785599	115.7302	0.821630592	0.0483563838
"412"	"NA"	"M"	10	"NA"	"CBA"	"wt"	"F0"	174360000	100	92.6	82.4	0.03	39912.259392	24.4	9738.591291648	74.5	29734.63324704	0.42	170	4369	85.1	93.5	98.7	100	136930000	7.9	10817470	1.81	2478433	87	119129100	3.3	4518690	18.5	835957.65	8.09	365562.021	0.81	36601.389	1.75	"NA"	23.3	1.75	39	36	31904690	2396275	53402700	49294800	39912.259392	136930000	9738.591291648	29734.63324704	174.36	39.912259392	136.93	9.738591291648	29.73463324704	136.93	10.81747	2.478433	119.1291	0.83595765	0.036601389
"17"	"NA"	"F"	10	"NA"	"PWK x CBA"	"wt"	"F1"	116280000	100	96.4	99.8	0.033	36917.0116128	10.7	3950.1202425696	86.6	31970.1320566848	0.4	150	3150	81	97.6	98.6	99.9	90550000	6.68	6048740	3.26	2951930	87.2	78959600	2.82	2553510	16.6	423882.66	8.59	219346.509	5.41	138144.891	1.38	"NA"	6.73	6.29	47.2	39.8	6094015	5695595	42739600	36038900	36917.0116128	90550000	3950.1202425696	31970.1320566848	116.28	36.9170116128	90.55	3.9501202425696	31.9701320566848	90.55	6.04874	2.95193	78.9596	0.42388266	0.138144891
"18"	"NA"	"F"	10	"NA"	"PWK x CBA"	"wt"	"F1"	120520000	100	95.2	99.9	0.026	29801.2792896	12.4	3695.3586319104	85.2	25390.6899547392	0.43	130	4044	82	96.4	98.3	99.9	93560000	6.33	5922348	3.03	2834868	87.4	81771440	3.21	3003276	13.9	417455.364	7.81	234555.8556	4.67	140252.9892	1.81	"NA"	5.46	4.84	53.1	36.6	5108376	4528304	49680360	34242960	29801.2792896	93560000	3695.3586319104	25390.6899547392	120.52	29.8012792896	93.56	3.6953586319104	25.3906899547392	93.56	5.922348	2.834868	81.77144	0.417455364	0.1402529892
"19"	"NA"	"F"	10	"NA"	"PWK x CBA"	"wt"	"F1"	126880000	100	93.9	99.6	0.03	35599.127616	20.1	7155.424650816	77.7	27660.522157632	0.56	200	3564	78.8	97.1	98	99.9	95050000	7.02	6672510	3.62	3440810	86.2	81933100	3.16	3003580	15.8	474565.64	6.23	187123.034	7.94	238484.252	1.56	"NA"	8.89	4.09	47.4	38.6	8449945	3887545	45053700	36689300	35599.127616	95050000	7155.424650816	27660.522157632	126.88	35.599127616	95.05	7.155424650816	27.660522157632	95.05	6.67251	3.44081	81.9331	0.47456564	0.238484252
"33"	"NA"	"F"	10	"NA"	"PWK x CBA"	"wt"	"F1"	90360000	100	95.5	99.6	0.033	28363.046184	6.71	1903.1603989464	92.1	26122.365535464	0.4	110	3186	88.4	97	99.4	99.9	76940000	9.52	7324688	3.47	2669818	83.7	64398780	3.27	2515938	28.2	709494.516	10.3	259141.614	5.47	137621.8086	1.26	"NA"	5.34	6.76	43.1	44.8	4108596	5201144	33161140	34469120	28363.046184	76940000	1903.1603989464	26122.365535464	90.36	28.363046184	76.94	1.9031603989464	26.122365535464	76.94	7.324688	2.669818	64.39878	0.709494516	0.1376218086
"34"	"NA"	"F"	10	"NA"	"PWK x CBA"	"wt"	"F1"	129640000	100	95.3	99.4	0.04	49122.255392	6.86	3369.7867198912	90.5	44455.64112976	0.93	460	2639	87.4	96.7	99.2	99.9	108580000	9.43	10239094	3.4	3691720	83.3	90447140	3.86	4191188	23.9	1001693.932	9.22	386427.5336	4.39	183993.1532	1.51	"NA"	5.42	7.83	43.9	42.9	5885036	8501814	47666620	46580820	49122.255392	108580000	3369.7867198912	44455.64112976	129.64	49.122255392	108.58	3.3697867198912	44.45564112976	108.58	10.239094	3.69172	90.44714	1.001693932	0.1839931532
"35"	"NA"	"F"	10	"NA"	"PWK x CBA"	"wt"	"F1"	151000000	100	95.2	99.4	0.035	50011.3208	9.17	4586.03811736	88.4	44210.0075872	0.77	390	3019	89.3	97	99.4	99.9	129880000	7.77	10091676	3.45	4480860	85.6	111177280	3.15	4091220	25.7	1051443.54	8.96	366573.312	3.89	159148.458	1.35	"NA"	4.45	7.58	44.9	43	5779660	9844904	58316120	55848400	50011.3208	129880000	4586.03811736	44210.0075872	151	50.0113208	129.88	4.58603811736	44.2100075872	129.88	10.091676	4.48086	111.17728	1.05144354	0.159148458
"36"	"NA"	"F"	10	"NA"	"PWK x CBA"	"wt"	"F1"	97960000	100	95.7	99.5	0.03	27983.69442	15.6	4365.45632952	81.8	22890.66203556	1.49	420	3501	56.7	97.4	99.3	99.9	53670000	8.83	4739061	3.67	1969689	83.6	44868120	3.85	2066295	23.3	481446.735	8.69	179561.0355	3.83	79139.0985	1.72	"NA"	4.06	4.82	44.8	46.3	2179002	2586894	24044160	24849210	27983.69442	53670000	4365.45632952	22890.66203556	97.96	27.98369442	53.67	4.36545632952	22.89066203556	53.67	4.739061	1.969689	44.86812	0.481446735	0.0791390985
"37"	"NA"	"F"	10	"NA"	"PWK x CBA"	"wt"	"F1"	97920000	100	95.3	99.4	0.046	42668.6125824	9.85	4202.8583393664	87.4	37292.3673970176	1.36	580	2295	87	96.1	99.1	99.9	81050000	8.99	7286395	3.45	2796225	83.5	67676750	4.09	3314945	23.9	792271.855	8.42	279118.369	3.63	120332.5035	1.68	"NA"	3.95	5.2	43.3	47.5	3201475	4214600	35094650	38498750	42668.6125824	81050000	4202.8583393664	37292.3673970176	97.92	42.6686125824	81.05	4.2028583393664	37.2923673970176	81.05	7.286395	2.796225	67.67675	0.792271855	0.1203325035
"7"	"NA"	"M"	10	"NA"	"PWK x CBA"	"wt"	"F1"	111680000	100	94.3	99.7	0.042	44099.2848576	12.1	5336.0134677696	83.3	36734.7042863808	1.42	630	2532	87.2	98.5	99.3	100	95250000	6.05	5762625	2.11	2009775	89.4	85153500	2.43	2314575	12.7	293951.025	10.7	247659.525	6.48	149984.46	1.56	"NA"	8.17	1.41	46.1	44.4	7781925	1343025	43910250	42291000	44099.2848576	95250000	5336.0134677696	36734.7042863808	111.68	44.0992848576	95.25	5.3360134677696	36.7347042863808	95.25	5.762625	2.009775	85.1535	0.293951025	0.14998446
"8"	"NA"	"M"	10	"NA"	"PWK x CBA"	"wt"	"F1"	89840000	100	93.8	99.6	0.059	49520.3757888	11.7	5793.8839672896	84.8	41993.2786689024	1.86	920	1814	85.5	98.5	99.3	100	75130000	5.56	4177228	1.96	1472548	90.2	67767260	2.29	1720477	11.8	203016.286	9.44	162413.0288	6.07	104432.9539	1.55	"NA"	8.98	2.57	48.2	40.3	6746674	1930841	36212660	30277390	49520.3757888	75130000	5793.8839672896	41993.2786689024	89.84	49.5203757888	75.13	5.7938839672896	41.9932786689024	75.13	4.177228	1.472548	67.76726	0.203016286	0.1044329539
"9"	"NA"	"M"	10	"NA"	"PWK x CBA"	"wt"	"F1"	116040000	100	95.8	99.6	0.039	43181.4453408	11.7	5052.2291048736	83.2	35926.9625235456	1.48	640	2687	83.8	98.4	99.3	99.9	94920000	5.77	5476884	2.18	2069256	89.5	84953400	2.59	2458428	14.4	354013.632	9.79	240680.1012	4.65	114316.902	1.7	"NA"	9.8	2.07	46.3	41.8	9302160	1964844	43947960	39676560	43181.4453408	94920000	5052.2291048736	35926.9625235456	116.04	43.1814453408	94.92	5.0522291048736	35.9269625235456	94.92	5.476884	2.069256	84.9534	0.354013632	0.114316902
"10"	"NA"	"M"	10	"NA"	"PWK x CBA"	"wt"	"F1"	107720000	100	95.2	99.6	0.051	52091.0135424	16.5	8595.017234496	79.4	41360.2647526656	1.55	810	2068	84.2	98.7	99.2	99.9	88720000	6.04	5358688	2.15	1907480	89.4	79315680	2.38	2111536	13.1	276611.216	8.97	189404.7792	6.01	126903.3136	1.54	"NA"	8.71	3.21	49.8	38.4	7727512	2847912	44182560	34068480	52091.0135424	88720000	8595.017234496	41360.2647526656	107.72	52.0910135424	88.72	8.595017234496	41.3602647526656	88.72	5.358688	1.90748	79.31568	0.276611216	0.1269033136
"20"	"NA"	"M"	10	"NA"	"PWK x CBA"	"wt"	"F1"	90800000	100	95.7	99.7	0.055	47649.20226	14.2	6766.18672092	83	39548.8378758	1.33	630	1906	82	97.7	98.5	99.9	71580000	6.01	4301958	2.92	2090136	88	62990400	3.06	2190348	13.8	302268.024	7.46	163399.9608	6.67	146096.2116	1.48	"NA"	7.21	5.36	52.1	35.4	5160918	3836688	37293180	25339320	47649.20226	71580000	6766.18672092	39548.8378758	90.8	47.64920226	71.58	6.76618672092	39.5488378758	71.58	4.301958	2.090136	62.9904	0.302268024	0.1460962116
"21"	"NA"	"M"	10	"NA"	"PWK x CBA"	"wt"	"F1"	130880000	100	93.9	99.7	0.029	35533.0130016	7.78	2764.46841152448	90.4	32121.8437534464	0.68	240	3683	82.7	97.3	98.5	99.9	103630000	5.8	6010540	2.89	2994907	88.4	91608920	2.87	2974181	13.3	395566.073	8.22	244477.6782	7.23	215033.2863	1.37	"NA"	7.03	5.71	51.9	35.4	7285189	5917273	53783970	36685020	35533.0130016	103630000	2764.46841152448	32121.8437534464	130.88	35.5330130016	103.63	2.76446841152448	32.1218437534464	103.63	6.01054	2.994907	91.60892	0.395566073	0.2150332863
"22"	"NA"	"M"	10	"NA"	"PWK x CBA"	"wt"	"F1"	100000000	100	96.6	99.8	0.026	25065.768	14.3	3584.404824	83.4	20904.850512	0.78	200	3990	83.8	96.5	98.4	99.9	79490000	6.74	5357626	3.05	2424445	87.5	69553750	2.76	2193924	17.9	392712.396	7.88	172881.2112	7.5	164544.3	1.33	"NA"	10.3	5.28	48.1	36.4	8187470	4197072	38234690	28934360	25065.768	79490000	3584.404824	20904.850512	100	25.065768	79.49	3.584404824	20.904850512	79.49	5.357626	2.424445	69.55375	0.392712396	0.1645443
"38"	"NA"	"M"	10	"NA"	"PWK x CBA"	"wt"	"F1"	89160000	100	95.4	99.5	0.052	44009.340336	9.16	4031.2555747776	89.2	39256.331579712	0.58	260	2026	85.8	97.5	99.3	99.9	73990000	8.8	6511120	4.15	3070585	83.2	61559680	3.85	2848615	23.6	672273.14	8.99	256090.4885	5.18	147558.257	1.47	"NA"	4.51	6.64	45.6	43.2	3336949	4912936	33739440	31963680	44009.340336	73990000	4031.2555747776	39256.331579712	89.16	44.009340336	73.99	4.0312555747776	39.256331579712	73.99	6.51112	3.070585	61.55968	0.67227314	0.147558257
"39"	"NA"	"M"	10	"NA"	"PWK x CBA"	"wt"	"F1"	98160000	100	95.3	99.2	0.032	29695.3946112	13.8	4097.9644563456	84.8	25181.6946302976	0.51	150	3306	83.2	96.7	99	99.9	78110000	7.79	6084769	3.65	2851015	85	66393500	3.58	2796338	26.7	746622.246	6.98	195184.3924	4	111853.52	1.47	"NA"	5.07	4.52	41.4	49	3960177	3530572	32337540	38273900	29695.3946112	78110000	4097.9644563456	25181.6946302976	98.16	29.6953946112	78.11	4.0979644563456	25.1816946302976	78.11	6.084769	2.851015	66.3935	0.746622246	0.11185352
"25"	"NA"	"F"	10	"NA"	"CBA x PWK/CBA"	"wt"	"F2"	133140000	100	96.2	99.4	0.037	47105.5124904	9.73	4583.36636531592	88.6	41735.4840664944	0.48	230	2826	89.8	95.6	99.3	100	113500000	8.77	9953950	1.98	2247300	86.4	98064000	2.85	3234750	21.1	682532.25	9.78	316358.55	1.41	45609.975	1.6	"NA"	23.2	2.25	29.8	44.8	26332000	2553750	33823000	50848000	47105.5124904	113500000	4583.36636531592	41735.4840664944	133.14	47.1055124904	113.5	4.58336636531592	41.7354840664944	113.5	9.95395	2.2473	98.064	0.68253225	0.045609975
"26"	"NA"	"F"	10	"NA"	"CBA x PWK/CBA"	"wt"	"F2"	184800000	100	96	99.4	0.048	84644.90496	7.11	6018.252742656	91.9	77788.66765824	0.38	320	2183	87.9	94.9	99.1	99.9	152610000	8.43	12865023	3.08	4700388	84.9	129565890	3.61	5509221	25.7	1415869.797	8.62	474894.8502	3.13	172438.6173	2.13	"NA"	27.8	2.35	36.2	33.7	42425580	3586335	55244820	51429570	84644.90496	152610000	6018.252742656	77788.66765824	184.8	84.64490496	152.61	6.018252742656	77.78866765824	152.61	12.865023	4.700388	129.56589	1.415869797	0.1724386173
"58"	"NA"	"F"	10	"NA"	"CBA x PWK/CBA"	"wt"	"F2"	312000000	100	92.9	99.9	0.0196	56753.397792	10.6	6015.860165952	87.2	49488.962874624	1.17	660	5497	81.6	97.9	98.9	100	246500000	5.08	12522200	1.82	4486300	89.9	221603500	3.23	7961950	13.1	1043015.45	8.95	712594.525	2.75	218953.625	1.47	"NA"	11.1	5.72	52.8	30.3	27361500	14099800	130152000	74689500	56753.397792	246500000	6015.860165952	49488.962874624	312	56.753397792	246.5	6.015860165952	49.488962874624	246.5	12.5222	4.4863	221.6035	1.04301545	0.218953625
"374"	"NA"	"F"	10	"NA"	"CBA x PWK/CBA"	"wt"	"F2"	90120000	100	95.9	99.4	0.029	24912.8935608	19.9	4957.6658185992	76.8	19133.1022546944	1.31	330	3617	84.1	94.6	98.9	99.9	70840000	7.36	5213824	2.5	1771000	87.2	61772480	2.99	2118116	27	571891.32	10.1	213929.716	2.09	44268.6244	1.59	"NA"	34.4	2.46	41.7	21.5	24368960	1742664	29540280	15230600	24912.8935608	70840000	4957.6658185992	19133.1022546944	90.12	24.9128935608	70.84	4.9576658185992	19.1331022546944	70.84	5.213824	1.771	61.77248	0.57189132	0.0442686244
"69"	"NA"	"F"	10	"NA"	"CBA x PWK/CBA"	"wt"	"F2"	234120000	100	96.2	99.5	0.024	53783.357472	23.1	12423.955576032	71.6	38508.883949952	1.69	910	4353	87	92.9	99.1	99.9	187330000	7.87	14742871	3.58	6706414	86.1	161291130	3.58	6706414	23.2	1555888.048	9.68	649180.8752	3.56	238748.3384	2.31	"NA"	17.5	2.41	50.2	29.9	32782750	4514653	94039660	56011670	53783.357472	187330000	12423.955576032	38508.883949952	234.12	53.783357472	187.33	12.423955576032	38.508883949952	187.33	14.742871	6.706414	161.29113	1.555888048	0.2387483384
"70"	"NA"	"F"	10	"NA"	"CBA x PWK/CBA"	"wt"	"F2"	175740000	100	95.9	99.6	0.019	31893.4990584	13.2	4209.9418757088	83.6	26662.9652128224	0.96	310	5510	87.1	92.3	99.3	99.9	140150000	7.65	10721475	2.23	3125345	86.5	121229750	3.61	5059415	14.9	753852.835	6.28	317731.262	1.06	53629.799	2.48	"NA"	7.66	2.84	37.2	37.2	10735490	3980260	52135800	52135800	31893.4990584	140150000	4209.9418757088	26662.9652128224	175.74	31.8934990584	140.15	4.2099418757088	26.6629652128224	140.15	10.721475	3.125345	121.22975	0.753852835	0.053629799
"382"	"NA"	"F"	10	"NA"	"CBA x PWK/CBA"	"wt"	"F2"	126300000	100	94.5	85.3	0.054	54976.60917	19	10445.5557423	78.6	43211.61480762	0.45	250	2297	86.5	97.2	98.1	99.7	103860000	6.69	6948234	4.31	4476366	85.5	88800300	3.54	3676644	17.4	639736.056	7.72	283836.9168	3.7	136035.828	2.19	"NA"	17.4	1.1	45.8	35.7	18071640	1142460	47567880	37078020	54976.60917	103860000	10445.5557423	43211.61480762	126.3	54.97660917	103.86	10.4455557423	43.21161480762	103.86	6.948234	4.476366	88.8003	0.639736056	0.136035828
"383"	"NA"	"F"	10	"NA"	"CBA x PWK/CBA"	"wt"	"F2"	182400000	100	94.2	83.2	0.044	62900.158464	28.9	18178.145796096	68.4	43023.708389376	0.98	620	2900	88.2	97	98	99.3	151860000	6.17	9369762	2.76	4191336	89	135155400	2.12	3219432	14.6	470037.072	10.7	344479.224	3.19	102699.8808	1.31	"NA"	9.39	4.24	44.9	41.4	14259654	6438864	68185140	62870040	62900.158464	151860000	18178.145796096	43023.708389376	182.4	62.900158464	151.86	18.178145796096	43.023708389376	151.86	9.369762	4.191336	135.1554	0.470037072	0.1026998808
"384"	"NA"	"F"	10	"NA"	"CBA x PWK/CBA"	"wt"	"F2"	193920000	100	94.8	84.5	0.021	32621.726592	30.1	9819.139704192	66.1	21562.961277312	1.3	420	5945	90.8	96	98.2	99.7	165500000	4.09	6768950	1.84	3045200	90.8	150274000	3.34	5527700	17.9	989458.3	7.3	403522.1	0.81	44774.37	2.01	"NA"	16.7	3.89	47.1	32.2	27638500	6437950	77950500	53291000	32621.726592	165500000	9819.139704192	21562.961277312	193.92	32.621726592	165.5	9.819139704192	21.562961277312	165.5	6.76895	3.0452	150.274	0.9894583	0.04477437
"75"	"NA"	"F"	10	"NA"	"CBA x PWK/CBA"	"wt"	"F2"	146760000	100	95	80.9	0.016	18046.78368	20.6	3717.63743808	76.1	13733.60238048	1.47	270	8132	71.8	96.1	97.1	99.9	98230000	5.06	4970438	3.03	2976369	88.9	87326470	3.02	2966546	9.48	281228.5608	9.73	288644.9258	1.29	38268.4434	1.63	"NA"	4.55	2.77	62.8	29.9	4469465	2720971	61688440	29370770	18046.78368	98230000	3717.63743808	13733.60238048	146.76	18.04678368	98.23	3.71763743808	13.73360238048	98.23	4.970438	2.976369	87.32647	0.2812285608	0.0382684434
"76"	"NA"	"F"	10	"NA"	"CBA x PWK/CBA"	"wt"	"F2"	145680000	100	94.5	83.6	0.026	29923.429536	13.7	4099.509846432	84.2	25195.527669312	0.56	170	4868	73.5	97	97.8	99.9	101480000	7.52	7631296	2.85	2892180	86.9	88186120	2.81	2851588	20.4	581723.952	9.13	260349.9844	2.73	77848.3524	1.17	"NA"	23.7	3.47	32.3	40.6	24050760	3521356	32778040	41200880	29923.429536	101480000	4099.509846432	25195.527669312	145.68	29.923429536	101.48	4.099509846432	25.195527669312	101.48	7.631296	2.89218	88.18612	0.581723952	0.0778483524
"77"	"NA"	"F"	10	"NA"	"CBA x PWK/CBA"	"wt"	"F2"	119680000	100	94.4	84.5	0.022	21002.595328	20.4	4284.529446912	76.7	16108.990616576	0.33	70	5698	71.9	97.8	97.1	99.9	81630000	8.44	6889572	3.58	2922354	83.4	68079420	4.62	3771306	26.6	1003167.396	12	452556.72	2.88	108613.6128	2.12	"NA"	31.3	3.81	40.6	24.2	25550190	3110103	33141780	19754460	21002.595328	81630000	4284.529446912	16108.990616576	119.68	21.002595328	81.63	4.284529446912	16.108990616576	81.63	6.889572	2.922354	68.07942	1.003167396	0.1086136128
"78"	"NA"	"F"	10	"NA"	"CBA x PWK/CBA"	"wt"	"F2"	123120000	100	94	83.5	0.00677	6542.3173176	24.6	1609.4100601296	72.8	4762.8070072128	0.52	30	18819	69.7	97.3	96.5	99.9	80490000	4.67	3758883	2.42	1947858	90.3	72682470	2.69	2165181	17.1	370245.951	9.22	199629.6882	3.99	86390.7219	1.46	"NA"	11.2	3.23	40.3	45.3	9014880	2599827	32437470	36461970	6542.3173176	80490000	1609.4100601296	4762.8070072128	123.12	6.5423173176	80.49	1.6094100601296	4.7628070072128	80.49	3.758883	1.947858	72.68247	0.370245951	0.0863907219
"79"	"NA"	"F"	10	"NA"	"CBA x PWK/CBA"	"wt"	"F2"	132680000	100	94.3	86.1	0.031	33395.0425284	16.8	5610.3671447712	80.8	26983.1943629472	0.71	240	3973	72.9	94.1	96.4	99.9	87650000	8.22	7204830	3.7	3243050	84.6	74151900	3.58	3137870	22.9	718572.23	11	345165.7	1.28	40164.736	1.64	"NA"	20.6	5.89	42.1	31.4	18055900	5162585	36900650	27522100	33395.0425284	87650000	5610.3671447712	26983.1943629472	132.68	33.3950425284	87.65	5.6103671447712	26.9831943629472	87.65	7.20483	3.24305	74.1519	0.71857223	0.040164736
"93"	"NA"	"F"	10	"NA"	"CBA x PWK/CBA"	"wt"	"F2"	118400000	100	94.2	82.9	0.032	29587.421184	9.44	2793.0525597696	87.9	26007.343220736	1.25	370	4002	81	95.9	98.7	99.9	90690000	4.4	3990360	1.7	1541730	92.1	83525490	1.77	1605213	21.6	346726.008	6.68	107228.2284	4.61	74000.3193	0.68	"NA"	32.2	1.45	31.8	34.6	29202180	1315005	28839420	31378740	29587.421184	90690000	2793.0525597696	26007.343220736	118.4	29.587421184	90.69	2.7930525597696	26.007343220736	90.69	3.99036	1.54173	83.52549	0.346726008	0.0740003193
"94"	"NA"	"F"	10	"NA"	"CBA x PWK/CBA"	"wt"	"F2"	225900000	100	94.2	83.4	0.02	35494.67304	7.87	2793.430768248	88.7	31483.77498648	0.56	200	6364	85.5	90.7	98.6	99.6	172040000	10.8	18580320	1.82	3131128	84.9	146061960	2.46	4232184	21.6	914151.744	5.73	242504.1432	2.57	108767.1288	0.99	"NA"	15.4	2.72	19.3	62.5	26494160	4679488	33203720	107525000	35494.67304	172040000	2793.430768248	31483.77498648	225.9	35.49467304	172.04	2.793430768248	31.48377498648	172.04	18.58032	3.131128	146.06196	0.914151744	0.1087671288
"27"	"NA"	"M"	10	"NA"	"CBA x PWK/CBA"	"wt"	"F2"	176520000	100	96.7	99.6	0.042	71405.0654688	10.8	7711.7470706304	87.4	62408.0272197312	0.73	520	2472	87.8	94.5	99.1	100	145140000	10.4	15094560	3.68	5341152	83.8	121627320	2.19	3178566	21	667498.86	5.67	180224.6922	3.04	96628.4064	1.25	"NA"	12.9	3.2	33.1	50.8	18723060	4644480	48041340	73731120	71405.0654688	145140000	7711.7470706304	62408.0272197312	176.52	71.4050654688	145.14	7.7117470706304	62.4080272197312	145.14	15.09456	5.341152	121.62732	0.66749886	0.0966284064
"28"	"NA"	"M"	10	"NA"	"CBA x PWK/CBA"	"wt"	"F2"	179880000	100	95.7	99.6	0.034	58295.2369824	6.82	3975.73516219968	92.4	53864.7989717376	0.21	120	3086	89.7	95.4	99.2	100	152700000	8.32	12704640	2.57	3924390	85.4	130405800	3.71	5665170	28.7	1625903.79	11	623168.7	2.07	117269.019	2.13	"NA"	29.4	7.92	35.1	27.6	44893800	12093840	53597700	42145200	58295.2369824	152700000	3975.73516219968	53864.7989717376	179.88	58.2952369824	152.7	3.97573516219968	53.8647989717376	152.7	12.70464	3.92439	130.4058	1.62590379	0.117269019
"29"	"NA"	"M"	10	"NA"	"CBA x PWK/CBA"	"wt"	"F2"	130980000	100	95.8	99.5	0.04	49940.57832	17.9	8939.36351928	80.5	40202.1655476	0.38	190	2623	90	94.5	99.3	100	110620000	8.69	9612878	2.34	2588508	85.6	94690720	3.38	3738956	23.6	882393.616	7.1	265465.876	0.66	24677.1096	2.05	"NA"	23.1	3.72	30.4	42.8	25553220	4115064	33628480	47345360	49940.57832	110620000	8939.36351928	40202.1655476	130.98	49.94057832	110.62	8.93936351928	40.2021655476	110.62	9.612878	2.588508	94.69072	0.882393616	0.0246771096
"30"	"NA"	"M"	10	"NA"	"CBA x PWK/CBA"	"wt"	"F2"	101880000	100	95.4	99.4	0.059	57000.1117392	9.42	5369.41052583264	89	50730.099447888	0.51	290	1787	87.1	94.4	99.1	100	83010000	9.11	7562211	2.74	2274474	85.9	71305590	2.21	1834521	22.5	412767.225	7.34	134653.8414	4.38	80352.0198	1.2	"NA"	19.7	5.73	40.4	34.2	16352970	4756473	33536040	28389420	57000.1117392	83010000	5369.41052583264	50730.099447888	101.88	57.0001117392	83.01	5.36941052583264	50.730099447888	83.01	7.562211	2.274474	71.30559	0.412767225	0.0803520198
"31"	"NA"	"M"	10	"NA"	"CBA x PWK/CBA"	"wt"	"F2"	146160000	100	96.3	99.4	0.03	41972.270256	9.62	4037.7323986272	88.4	37103.486906304	0.7	290	3482	89.2	94.3	99.1	100	121840000	9.01	10977784	2.26	2753584	86.2	105026080	2.54	3094736	27.6	854147.136	5.07	156903.1152	1.98	61275.7728	1.37	"NA"	23.5	1.93	32.5	42.1	28632400	2351512	39598000	51294640	41972.270256	121840000	4037.7323986272	37103.486906304	146.16	41.972270256	121.84	4.0377323986272	37.103486906304	121.84	10.977784	2.753584	105.02608	0.854147136	0.0612757728
"32"	"NA"	"M"	10	"NA"	"CBA x PWK/CBA"	"wt"	"F2"	146940000	100	95.6	99.5	0.036	50318.016048	14.6	7346.430343008	84.1	42317.451496368	0.53	270	2920	86.2	95.3	99	99.9	119380000	7.06	8428228	1.95	2327910	88.9	106128820	2.09	2495042	26.7	666176.214	7.77	193864.7634	1.31	32685.0502	1.16	"NA"	25.1	2.69	30.4	41.8	29964380	3211322	36291520	49900840	50318.016048	119380000	7346.430343008	42317.451496368	146.94	50.318016048	119.38	7.346430343008	42.317451496368	119.38	8.428228	2.32791	106.12882	0.666176214	0.0326850502
"59"	"NA"	"M"	10	"NA"	"CBA x PWK/CBA"	"wt"	"F2"	127800000	100	95.5	99.8	0.053	64556.59806	36.1	23304.93189966	60.7	39185.85502242	0.659	430	1980	83.8	98.8	99.2	100	104960000	7.36	7725056	2.18	2288128	88.2	92574720	2.26	2372096	27.9	661814.784	11.4	270418.944	3.44	81600.1024	1.05	"NA"	34.3	7.77	33.1	24.8	36001280	8155392	34741760	26030080	64556.59806	104960000	23304.93189966	39185.85502242	127.8	64.55659806	104.96	23.30493189966	39.18585502242	104.96	7.725056	2.288128	92.57472	0.661814784	0.0816001024
"60"	"NA"	"M"	10	"NA"	"CBA x PWK/CBA"	"wt"	"F2"	146400000	100	93.9	99.8	0.0345	47332.157976	21.7	10271.078280792	75	35499.118482	0.744	350	3093	83.9	98.7	99.1	100	120140000	5.71	6859994	3.2	3844480	88.3	106083620	2.74	3291836	19.6	645199.856	8.18	269272.1848	4.69	154387.1084	1.18	"NA"	19.1	6.21	43.9	30.7	22946740	7460694	52741460	36882980	47332.157976	120140000	10271.078280792	35499.118482	146.4	47.332157976	120.14	10.271078280792	35.499118482	120.14	6.859994	3.84448	106.08362	0.645199856	0.1543871084
"61"	"NA"	"M"	10	"NA"	"CBA x PWK/CBA"	"wt"	"F2"	176400000	100	95.4	99.8	0.0203	34093.6528464	15.7	5352.7034968848	81.1	27649.9524584304	0.829	280	5174	83.6	98.5	99.1	100	143950000	5.4	7773300	3.8	5470100	84.6	121781700	3.14	4520030	21	949206.3	7.5	339002.25	5.84	263969.752	1.3	"NA"	14.4	3.17	43.4	39	20728800	4563215	62474300	56140500	34093.6528464	143950000	5352.7034968848	27649.9524584304	176.4	34.0936528464	143.95	5.3527034968848	27.6499524584304	143.95	7.7733	5.4701	121.7817	0.9492063	0.263969752
"62"	"NA"	"M"	10	"NA"	"CBA x PWK/CBA"	"wt"	"F2"	183600000	100	95.5	99.9	0.0243	42564.526866	28	11918.06752248	66.6	28347.974892756	1.18	500	4313	85.8	98.2	99.3	100	153610000	5.04	7741944	2.25	3456225	88.7	136252070	4.06	6236566	19.8	1234840.068	10.9	679785.694	2.01	125354.9766	2.24	"NA"	20.3	4.71	48.8	26.2	31182830	7235031	74961680	40245820	42564.526866	153610000	11918.06752248	28347.974892756	183.6	42.564526866	153.61	11.91806752248	28.347974892756	153.61	7.741944	3.456225	136.25207	1.234840068	0.1253549766
"375"	"NA"	"M"	10	"NA"	"CBA x PWK/CBA"	"wt"	"F2"	162240000	100	95.8	99.5	0.024	37115.709696	7.83	2906.1600691968	88.1	32698.940242176	1.73	640	4371	84.9	96.4	98.7	100	131060000	9.36	12267216	4.53	5937018	83.6	109566160	2.53	3315818	22.4	742743.232	10.2	338213.436	3.45	114395.721	1.33	"NA"	21.5	2.56	35.9	40.1	28177900	3355136	47050540	52555060	37115.709696	131060000	2906.1600691968	32698.940242176	162.24	37.115709696	131.06	2.9061600691968	32.698940242176	131.06	12.267216	5.937018	109.56616	0.742743232	0.114395721
"376"	"NA"	"M"	10	"NA"	"CBA x PWK/CBA"	"wt"	"F2"	171360000	100	96.7	99.6	0.025	41260.57488	23.5	9696.2350968	72.6	29955.17736288	1.95	800	4153	90.5	95.5	99	100	146620000	6.37	9339694	2.01	2947062	88.9	130345180	2.7	3958740	16.2	641315.88	9.44	373705.056	1.6	63339.84	1.65	"NA"	13.6	3.74	47.5	35.2	19940320	5483588	69644500	51610240	41260.57488	146620000	9696.2350968	29955.17736288	171.36	41.26057488	146.62	9.6962350968	29.95517736288	146.62	9.339694	2.947062	130.34518	0.64131588	0.06333984
"377"	"NA"	"M"	10	"NA"	"CBA x PWK/CBA"	"wt"	"F2"	128460000	100	96.3	99.5	0.023	28310.342373	41.1	11635.550715303	53.3	15089.412484809	2.6	740	4538	86.3	94.9	98.6	99.9	103630000	6.93	7181559	2.7	2798010	87.1	90261730	3.34	3461242	18	623023.56	10.3	356507.926	0.71	24574.8182	2.03	"NA"	16.7	3.36	48.2	31.7	17306210	3481968	49949660	32850710	28310.342373	103630000	11635.550715303	15089.412484809	128.46	28.310342373	103.63	11.635550715303	15.089412484809	103.63	7.181559	2.79801	90.26173	0.62302356	0.0245748182
"378"	"NA"	"M"	10	"NA"	"CBA x PWK/CBA"	"wt"	"F2"	232260000	100	96.3	99.6	0.019	42326.6257512	14.3	6052.7074824216	81.9	34665.5064902328	1.3	550	5487	86.4	95.5	98.5	100	188770000	5.25	9910425	1.73	3265721	90.6	171025620	2.48	4681496	11.9	557098.024	10.2	477512.592	0.33	15448.9368	1.36	"NA"	7.39	2.93	55.2	34.5	13950103	5530961	104201040	65125650	42326.6257512	188770000	6052.7074824216	34665.5064902328	232.26	42.3266257512	188.77	6.0527074824216	34.6655064902328	188.77	9.910425	3.265721	171.02562	0.557098024	0.0154489368
"379"	"NA"	"M"	10	"NA"	"CBA x PWK/CBA"	"wt"	"F2"	132660000	100	95.7	99.4	0.05	63096.94314	18.8	11862.22531032	77.2	48710.84010408	0.79	500	2102	86.5	96.1	98.7	100	108840000	9.09	9893556	3.29	3580836	84.9	92405160	2.74	2982216	25.1	748536.216	10.8	322079.328	1.76	52487.0016	1.56	"NA"	23.4	3.46	43.2	30	25468560	3765864	47018880	32652000	63096.94314	108840000	11862.22531032	48710.84010408	132.66	63.09694314	108.84	11.86222531032	48.71084010408	108.84	9.893556	3.580836	92.40516	0.748536216	0.0524870016
"380"	"NA"	"M"	10	"NA"	"CBA x PWK/CBA"	"wt"	"F2"	103920000	100	96.2	99.7	0.033	32891.4718704	20.6	6775.6432053024	77.4	25457.9992276896	0.5	160	3159	85.9	94.7	98.5	99.6	82940000	7.65	6344910	2.57	2131558	87.4	72489560	2.42	2007148	32.9	660351.692	8.05	161575.414	2.54	50981.5592	1.4	"NA"	33.5	1.99	28.5	36	27784900	1650506	23637900	29858400	32891.4718704	82940000	6775.6432053024	25457.9992276896	103.92	32.8914718704	82.94	6.7756432053024	25.4579992276896	82.94	6.34491	2.131558	72.48956	0.660351692	0.0509815592
"381"	"NA"	"M"	10	"NA"	"CBA x PWK/CBA"	"wt"	"F2"	102280000	100	96.4	99.6	0.041	40263.4466112	9.23	3716.31612221376	87.8	35351.3061246336	0.96	390	2540	86	95.6	98.6	100	82910000	8.96	7428736	2.96	2454136	84.1	69727310	4.02	3332982	18.1	603269.742	9.08	302634.7656	6.45	214977.339	1.98	"NA"	16.5	2.83	38	42.6	13680150	2346353	31505800	35319660	40263.4466112	82910000	3716.31612221376	35351.3061246336	102.28	40.2634466112	82.91	3.71631612221376	35.3513061246336	82.91	7.428736	2.454136	69.72731	0.603269742	0.214977339
"71"	"NA"	"M"	11	"NA"	"CBA x PWK/CBA"	"wt"	"F2"	129640000	100	95.3	99.5	0.042	51630.257868	12.4	6402.151975632	84.5	43627.56789846	0.81	420	2511	87.7	94.1	99.3	99.9	106130000	9.06	9615378	3.45	3661485	85.2	90422760	2.34	2483442	22.1	548840.682	7.43	184519.7406	7.32	181787.9544	1.22	"NA"	16.4	0.74	53.4	53.4	17405320	785362	56673420	56673420	51630.257868	106130000	6402.151975632	43627.56789846	129.64	51.630257868	106.13	6.402151975632	43.62756789846	106.13	9.615378	3.661485	90.42276	0.548840682	0.1817879544
"72"	"NA"	"M"	11	"NA"	"CBA x PWK/CBA"	"wt"	"F2"	107680000	100	96.3	99.6	0.024	24787.4535936	24.1	5973.7763160576	72.1	17871.7540409856	0.84	210	4344	84.4	96.2	99.1	99.9	86550000	6.24	5400720	2.92	2527260	88.1	76250550	2.78	2406090	24.5	589492.05	6.39	153749.151	1.56	37535.004	1.69	"NA"	23.7	1.01	35.7	35.7	20512350	874155	30898350	30898350	24787.4535936	86550000	5973.7763160576	17871.7540409856	107.68	24.7874535936	86.55	5.9737763160576	17.8717540409856	86.55	5.40072	2.52726	76.25055	0.58949205	0.037535004
"385"	"NA"	"M"	10	"NA"	"CBA x PWK/CBA"	"wt"	"F2"	122280000	100	95.2	86.9	0.033	33383.0562912	16.3	5441.4381754656	81.4	27173.8078210368	0.27	90	3663	89.1	96	98.3	99.7	102510000	6.16	6314616	3.4	3485340	86.4	88568640	4.04	4141404	19.3	799290.972	5.33	220736.8332	2.86	118444.1544	2.42	"NA"	15.6	3.22	40.6	40.6	15991560	3300822	41619060	41619060	33383.0562912	102510000	5441.4381754656	27173.8078210368	122.28	33.3830562912	102.51	5.4414381754656	27.1738078210368	102.51	6.314616	3.48534	88.56864	0.799290972	0.1184441544
"386"	"NA"	"M"	10	"NA"	"CBA x PWK/CBA"	"wt"	"F2"	150060000	100	94.7	86.1	0.056	68518.2243312	9.89	6776.45238635568	88.4	60570.1103087808	0.31	210	2190	87.7	97.2	98.5	99.7	125620000	6.73	8454226	2.98	3743476	86.1	108158820	4.19	5263478	24.4	1284288.632	4.84	254752.3352	7.11	374233.2858	2.36	"NA"	28	1.79	40.9	29.3	35173600	2248598	51378580	36806660	68518.2243312	125620000	6776.45238635568	60570.1103087808	150.06	68.5182243312	125.62	6.77645238635568	60.5701103087808	125.62	8.454226	3.743476	108.15882	1.284288632	0.3742332858
"387"	"NA"	"M"	10	"NA"	"CBA x PWK/CBA"	"wt"	"F2"	173220000	100	94.4	84.5	0.015	20726.11944	23.5	4870.6380684	74.1	15358.05450504	0.6	120	8358	86.3	96.7	96.1	99.5	138220000	6.35	8776970	2.82	3897804	88.4	122186480	2.43	3358746	18	604574.28	5.26	176670.0396	1.88	63144.4248	1.39	"NA"	10.9	1.97	35.9	51.3	15065980	2722934	49620980	70906860	20726.11944	138220000	4870.6380684	15358.05450504	173.22	20.72611944	138.22	4.8706380684	15.35805450504	138.22	8.77697	3.897804	122.18648	0.60457428	0.0631444248
"388"	"NA"	"M"	10	"NA"	"CBA x PWK/CBA"	"wt"	"F2"	113600000	100	95	85.1	0.02	18367.984	14.8	2718.461632	83.5	15337.26664	0.34	60	6185	89.4	97.7	98.6	99.8	97640000	5.74	5604536	2.87	2802268	87.1	85044440	4.29	4188756	23.9	1001112.684	6.25	261797.25	2.55	106813.278	2.51	"NA"	21.9	2.57	38.7	35.8	21383160	2509348	37786680	34955120	18367.984	97640000	2718.461632	15337.26664	113.6	18.367984	97.64	2.718461632	15.33726664	97.64	5.604536	2.802268	85.04444	1.001112684	0.106813278
"389"	"NA"	"M"	10	"NA"	"CBA x PWK/CBA"	"wt"	"F2"	105760000	100	94.3	84	0.026	21781.398912	35.5	7732.39661376	61.5	13395.56033088	1.06	230	4856	89.6	97.6	98.1	99.9	90640000	5.78	5238992	2.08	1885312	90	81576000	2.17	1966888	16.6	326503.408	7.87	154794.0856	1.6	31470.208	1.16	"NA"	12.1	2.27	55.2	30.4	10967440	2057528	50033280	27554560	21781.398912	90640000	7732.39661376	13395.56033088	105.76	21.781398912	90.64	7.73239661376	13.39556033088	90.64	5.238992	1.885312	81.576	0.326503408	0.031470208
"80"	"NA"	"M"	10	"NA"	"CBA x PWK/CBA"	"wt"	"F2"	75540000	100	94.4	85.8	0.018	11013.0793344	11.6	1277.5172027904	87.2	9603.4051795968	0.99	110	6859	75.1	97.2	97.9	100	53980000	5.4	2914920	2.47	1333306	88.8	47934240	3.32	1792136	14.4	258067.584	9.46	169536.0656	1.4	25089.904	1.57	"NA"	16.2	7.21	50.1	26.5	8744760	3891958	27043980	14304700	11013.0793344	53980000	1277.5172027904	9603.4051795968	75.54	11.0130793344	53.98	1.2775172027904	9.6034051795968	53.98	2.91492	1.333306	47.93424	0.258067584	0.025089904
"88"	"NA"	"M"	10	"NA"	"CBA x PWK/CBA"	"wt"	"F2"	93280000	100	92.9	81.8	0.024	17012.5257984	13	2211.628353792	84.6	14392.5968254464	0.87	150	5483	87.1	96.5	99.2	99.9	77700000	8.33	6472410	1.87	1452990	87.3	67832100	2.54	1973580	14.5	286169.1	10.9	215120.22	2.73	53878.734	1.24	"NA"	13.1	2.32	43.3	41.2	10178700	1802640	33644100	32012400	17012.5257984	77700000	2211.628353792	14392.5968254464	93.28	17.0125257984	77.7	2.211628353792	14.3925968254464	77.7	6.47241	1.45299	67.8321	0.2861691	0.053878734
"89"	"NA"	"M"	10	"NA"	"CBA x PWK/CBA"	"wt"	"F2"	68860000	100	92.9	83.4	0.027	14404.9762692	16.3	2348.0111318796	81.2	11696.8407305904	1.19	170	4780	85.3	93.6	98.9	100	54370000	10.3	5600110	3.16	1718092	84.4	45888280	2.16	1174392	14.7	172635.624	8.01	94068.7992	3.92	46036.1664	1.02	"NA"	8.95	3	39	49	4866115	1631100	21204300	26641300	14404.9762692	54370000	2348.0111318796	11696.8407305904	68.86	14.4049762692	54.37	2.3480111318796	11.6968407305904	54.37	5.60011	1.718092	45.88828	0.172635624	0.0460361664
"90"	"NA"	"M"	10	"NA"	"CBA x PWK/CBA"	"wt"	"F2"	107820000	100	92.9	82.4	0.01	8253.577872	22	1815.78713184	76.5	6313.98707208	0.9	70	13063	86.8	94.6	99.1	100	87740000	6.95	6097930	2.77	2430398	87.5	76772500	2.81	2465494	13	320514.22	11.1	273669.834	3.42	84319.8948	1.54	"NA"	13	2.64	42.8	41.6	11406200	2316336	37552720	36499840	8253.577872	87740000	1815.78713184	6313.98707208	107.82	8.253577872	87.74	1.81578713184	6.31398707208	87.74	6.09793	2.430398	76.7725	0.32051422	0.0843198948
"91"	"NA"	"M"	10	"NA"	"CBA x PWK/CBA"	"wt"	"F2"	183420000	100	93.9	83.3	0.021	30128.4353034	11.3	3404.5131892842	85.8	25850.1974903172	1.21	360	6088	88.1	91.8	99	99.9	146710000	9.18	13467978	1.74	2552754	86.6	127050860	2.49	3653079	19.7	719656.563	7.21	263386.9959	1.54	56257.4166	1.43	"NA"	20.9	1.59	37.8	39.7	30662390	2332689	55456380	58243870	30128.4353034	146710000	3404.5131892842	25850.1974903172	183.42	30.1284353034	146.71	3.4045131892842	25.8501974903172	146.71	13.467978	2.552754	127.05086	0.719656563	0.0562574166
"92"	"NA"	"M"	10	"NA"	"CBA x PWK/CBA"	"wt"	"F2"	121380000	100	92.6	83.6	0.015	14094.694152	8.16	1150.1270428032	87.8	12375.141465456	1.36	190	8612	87.4	94	99.1	100	98820000	6.93	6848226	1.5	1482300	88.6	87554520	2.98	2944836	12.3	362214.828	7.42	218506.8312	3.2	94234.752	1.64	"NA"	10.7	2.88	48.3	38.1	10573740	2846016	47730060	37650420	14094.694152	98820000	1150.1270428032	12375.141465456	121.38	14.094694152	98.82	1.1501270428032	12.375141465456	98.82	6.848226	1.4823	87.55452	0.362214828	0.094234752
"95"	"NA"	"M"	10	"NA"	"CBA x PWK/CBA"	"wt"	"F2"	181200000	100	93.7	83.4	0.029	41064.054984	11.9	4886.622543096	86.7	35602.535671128	0.31	130	4413	82.1	93.5	98.6	99.9	137010000	5.28	7234128	1.35	1849635	91.1	124816110	2.29	3137529	14.7	461216.763	8.33	261356.1657	0.79	24786.4791	0.99	"NA"	18	3.31	28.1	49.6	24661800	4535031	38499810	67956960	41064.054984	137010000	4886.622543096	35602.535671128	181.2	41.064054984	137.01	4.886622543096	35.602535671128	137.01	7.234128	1.849635	124.81611	0.461216763	0.0247864791
"96"	"NA"	"M"	10	"NA"	"CBA x PWK/CBA"	"wt"	"F2"	130000000	100	94.2	83.6	0.04	40950.624	5.47	2239.9991328	92.4	37838.376576	0.72	290	3175	75.9	95.8	98.2	99.9	92730000	6.35	5888355	2.64	2448072	89.1	82622430	1.75	1622775	18.6	301836.15	7.26	117813.465	6.42	104182.155	0.74	"NA"	28.2	1.74	26.6	43.4	26149860	1613502	24666180	40244820	40950.624	92730000	2239.9991328	37838.376576	130	40.950624	92.73	2.2399991328	37.838376576	92.73	5.888355	2.448072	82.62243	0.30183615	0.104182155
"97"	"NA"	"M"	10	"NA"	"CBA x PWK/CBA"	"wt"	"F2"	124960000	100	92.1	81.6	0.022	20660.6264832	17.9	3698.2521404928	80.2	16569.8224395264	0.44	90	6048	73.6	94.4	97.5	99.9	84570000	5.77	4879689	1.51	1277007	90.6	76620420	2.14	1809798	13.2	238893.336	5.56	100624.7688	1.48	26785.0104	0.83	"NA"	14.1	3.33	32.8	49.7	11924370	2816181	27738960	42031290	20660.6264832	84570000	3698.2521404928	16569.8224395264	124.96	20.6606264832	84.57	3.6982521404928	16.5698224395264	84.57	4.879689	1.277007	76.62042	0.238893336	0.0267850104
"98"	"NA"	"M"	10	"NA"	"CBA x PWK/CBA"	"wt"	"F2"	135480000	100	94.4	84.8	0.03	32536.009728	10.4	3383.745011712	86.9	28273.792453632	0.45	150	4164	82.6	94.4	98.3	99.9	103740000	7.87	8164338	2.06	2137044	87.4	90668760	2.64	2738736	24.8	679206.528	6.22	170349.3792	0.6	16432.416	1.26	"NA"	32	2.51	26.1	37.4	33196800	2603874	27076140	38798760	32536.009728	103740000	3383.745011712	28273.792453632	135.48	32.536009728	103.74	3.383745011712	28.273792453632	103.74	8.164338	2.137044	90.66876	0.679206528	0.016432416
"42"	"NA"	"F"	10	"NA"	"PWK x PWK/CBA"	"wt"	"F2"	110800000	100	93.6	99.8	0.0145	15007.700448	10.6	1590.816247488	86.7	13011.676288416	1.46	220	7383	72.9	97.9	97.8	99.9	77260000	6.6	5099160	2.54	1962404	88.7	68529620	2.14	1653364	16.5	272805.06	8.57	141693.2948	6.74	111436.7336	0.87	"NA"	5.87	2.11	64.8	27.2	4535162	1630186	50064480	21014720	15007.700448	77260000	1590.816247488	13011.676288416	110.8	15.007700448	77.26	1.590816247488	13.011676288416	77.26	5.09916	1.962404	68.52962	0.27280506	0.1114367336
"43"	"NA"	"F"	10	"NA"	"PWK x PWK/CBA"	"wt"	"F2"	76400000	100	93.9	99.8	0.0123	8806.3228584	10.2	898.2449315568	87.7	7723.1451468168	1.18	100	8676	76.2	98.8	98.5	99.9	56600000	10.7	6056200	6.3	3565800	79.5	44997000	3.53	1997980	19.1	381614.18	8.39	167630.522	6.57	131267.286	1.61	"NA"	5.43	3.27	43.9	47.4	3073380	1850820	24847400	26828400	8806.3228584	56600000	898.2449315568	7723.1451468168	76.4	8.8063228584	56.6	0.8982449315568	7.7231451468168	56.6	6.0562	3.5658	44.997	0.38161418	0.131267286
"44"	"NA"	"F"	10	"NA"	"PWK x PWK/CBA"	"wt"	"F2"	129200000	100	93.4	99.8	0.01	12043.14544	7.44	896.010020736	89.2	10742.48573248	2.05	250	10728	80.3	96	98.5	100	98100000	9.53	9348930	2.61	2560410	86	84366000	1.82	1785420	21.4	382079.88	5.95	106232.49	8.1	144619.02	0.58	"NA"	5.76	3.41	57.6	33.2	5650560	3345210	56505600	32569200	12043.14544	98100000	896.010020736	10742.48573248	129.2	12.04314544	98.1	0.896010020736	10.74248573248	98.1	9.34893	2.56041	84.366	0.38207988	0.14461902
"45"	"NA"	"F"	10	"NA"	"PWK x PWK/CBA"	"wt"	"F2"	113200000	100	93.7	99.8	0.0121	12808.6078472	21.3	2728.2334714536	75	9606.4558854	1.75	220	8838	83.7	98	98.8	100	91740000	7.37	6761238	3.51	3220074	86	78896400	3.15	2889810	20.4	589521.24	7.2	208066.32	9.18	265284.558	1.2	"NA"	3.77	2.29	50.2	43.8	3458598	2100846	46053480	40182120	12808.6078472	91740000	2728.2334714536	9606.4558854	113.2	12.8086078472	91.74	2.7282334714536	9.6064558854	91.74	6.761238	3.220074	78.8964	0.58952124	0.265284558
"73"	"NA"	"F"	10.5	"NA"	"PWK x PWK/CBA"	"wt"	"F2"	135520000	100	97.1	99.5	0.015	19639.79556	9.46	1857.924659976	88	17283.0200928	0.95	190	6900	76.1	97.8	98.8	99.7	99350000	4.95	4917825	1.87	1857845	91.4	90805900	1.78	1768430	12.7	224590.61	11.2	198064.16	12.5	221053.75	1.16	"NA"	5.76	4.55	58.4	31.3	5722560	4520425	58020400	31096550	19639.79556	99350000	1857.924659976	17283.0200928	135.52	19.63979556	99.35	1.857924659976	17.2830200928	99.35	4.917825	1.857845	90.8059	0.22459061	0.22105375
"74"	"NA"	"F"	10.5	"NA"	"PWK x PWK/CBA"	"wt"	"F2"	90040000	100	96.8	99.5	0.036	31220.253504	7.95	2482.010153568	90.5	28254.32942112	0.69	220	2884	82.7	98.4	99.2	99.9	72610000	5.49	3986289	3.08	2236388	88.7	64405070	2.69	1953209	13.9	271496.051	6.64	129693.0776	7.57	147857.9213	1.61	"NA"	2.99	2.82	44.7	49.5	2171039	2047602	32456670	35941950	31220.253504	72610000	2482.010153568	28254.32942112	90.04	31.220253504	72.61	2.482010153568	28.25432942112	72.61	3.986289	2.236388	64.40507	0.271496051	0.1478579213
"81"	"NA"	"F"	10	"NA"	"PWK x PWK/CBA"	"wt"	"F2"	44200000	100	94.3	85.5	0.025	8909.22825	7.61	677.992269825	91.3	8134.12539225	0.88	80	4961	88.7	97.5	99.6	99.9	38030000	12.7	4829810	3.56	1353868	82.1	31222630	1.61	612283	22.4	137151.392	14	85719.62	7.92	48492.8136	0.79	"NA"	5.92	3.18	74.8	16.1	2251376	1209354	28446440	6122830	8909.22825	38030000	677.992269825	8134.12539225	44.2	8.90922825	38.03	0.677992269825	8.13412539225	38.03	4.82981	1.353868	31.22263	0.137151392	0.0484928136
"82"	"NA"	"F"	10	"NA"	"PWK x PWK/CBA"	"wt"	"F2"	112920000	100	92.3	82.5	0.022	18916.86654	13	2459.1926502	83.7	15833.41729398	0.94	180	5969	88.5	96.4	99.4	99.8	95570000	11.5	10990550	2.47	2360579	93.9	89740230	2.2	2102540	18.9	397380.06	13.5	283842.9	7.47	157059.738	0.91	"NA"	3.49	5.17	58.7	32.6	3335393	4940969	56099590	31155820	18916.86654	95570000	2459.1926502	15833.41729398	112.92	18.91686654	95.57	2.4591926502	15.83341729398	95.57	10.99055	2.360579	89.74023	0.39738006	0.157059738
"83"	"NA"	"F"	10	"NA"	"PWK x PWK/CBA"	"wt"	"F2"	113720000	100	94	85.2	0.012	10929.128832	10.7	1169.416785024	86.8	9486.483826176	1.19	130	10405	86.2	96.5	99.4	99.8	93840000	7.28	6831552	2.32	2177088	88.4	82954560	2.02	1895568	23.8	451145.184	11.4	216094.752	3.97	75254.0496	1.1	"NA"	8.96	3.59	54.7	32.8	8408064	3368856	51330480	30779520	10929.128832	93840000	1169.416785024	9486.483826176	113.72	10.929128832	93.84	1.169416785024	9.486483826176	93.84	6.831552	2.177088	82.95456	0.451145184	0.0752540496
"84"	"NA"	"F"	10	"NA"	"PWK x PWK/CBA"	"wt"	"F2"	54480000	100	92.6	83.4	0.029	12201.4693728	5.91	721.10683993248	91.7	11188.7474148576	1.11	140	4465	88.2	96.6	99.5	99.9	46140000	8.57	3954198	1.95	899730	87.5	40372500	1.95	899730	22.6	203338.98	11.2	100769.76	8.52	76656.996	0.7	"NA"	5.56	1.91	59.9	32.6	2565384	881274	27637860	15041640	12201.4693728	46140000	721.10683993248	11188.7474148576	54.48	12.2014693728	46.14	0.72110683993248	11.1887474148576	46.14	3.954198	0.89973	40.3725	0.20333898	0.076656996
"85"	"NA"	"F"	10	"NA"	"PWK x PWK/CBA"	"wt"	"F2"	64680000	100	94.8	84.6	0.02	10374.775488	10.5	1089.35142624	82.8	8590.314104064	4.65	480	6234	89.9	96.6	99.6	99.7	55780000	8.81	4914218	2.16	1204848	87.2	48640160	1.84	1026352	18.7	191927.824	8.67	88984.7184	5.54	56859.9008	0.91	"NA"	2.79	1.97	69.7	25.5	1556262	1098866	38878660	14223900	10374.775488	55780000	1089.35142624	8590.314104064	64.68	10.374775488	55.78	1.08935142624	8.590314104064	55.78	4.914218	1.204848	48.64016	0.191927824	0.0568599008
"86"	"NA"	"F"	10	"NA"	"PWK x PWK/CBA"	"wt"	"F2"	76160000	100	94.7	85.6	0.027	16669.1879424	5.56	926.80684959744	92.7	15452.3372226048	1.02	170	4569	89.7	96.2	99.5	99.6	65130000	9.83	6402279	2.28	1484964	85.5	55686150	2.38	1550094	21	325519.74	9.57	148343.9958	6.19	95950.8186	1.25	"NA"	2.39	3.2	54.2	40.2	1556607	2084160	35300460	26182260	16669.1879424	65130000	926.80684959744	15452.3372226048	76.16	16.6691879424	65.13	0.92680684959744	15.4523372226048	65.13	6.402279	1.484964	55.68615	0.32551974	0.0959508186
"46"	"NA"	"M"	10	"NA"	"PWK x PWK/CBA"	"wt"	"F2"	69600000	100	94.7	99.7	0.00934	6137.63776176	31.1	1908.80534390736	66.5	4081.5291115704	0	0	11340	80.2	98.8	99	100	54600000	9.76	5328960	3.05	1665300	85.2	46519200	1.95	1064700	32.2	342833.4	9.16	97526.52	10.2	108599.4	0.64	"NA"	4.97	4.15	59.9	31	2713620	2265900	32705400	16926000	6137.63776176	54600000	1908.80534390736	4081.5291115704	69.6	6.13763776176	54.6	1.90880534390736	4.0815291115704	54.6	5.32896	1.6653	46.5192	0.3428334	0.1085994
"47"	"NA"	"M"	10	"NA"	"PWK x PWK/CBA"	"wt"	"F2"	42000000	100	92.6	99.7	0.0216	8375.469984	14.3	1197.692207712	82	6867.88538688	1.77	150	5015	79.5	96.8	98.8	100	31930000	9.03	2883279	3.82	1219726	85.2	27204360	1.95	622635	15.6	97131.06	19.8	123281.73	8.05	50122.1175	0.7	"NA"	2.93	5.46	72.1	19.5	935549	1743378	23021530	6226350	8375.469984	31930000	1197.692207712	6867.88538688	42	8.375469984	31.93	1.197692207712	6.86788538688	31.93	2.883279	1.219726	27.20436	0.09713106	0.0501221175
"23139"	"NA"	"F"	10	"NA"	"B6"	"wt"		109740000	100	93.4	82.8	0.059	50071.9126032	12.7	6359.1329006064	84.9	42511.0538001168	0.85	430	2192	86.9	96.5	99.2	99.9	91200000	8.61	7852320	2.76	2517120	85	77520000	3.68	3356160	24.5	822259.2	5.12	171835.392	1.85	62088.96	1.88	"NA"	1.37	4.53	63.1	31	1249440	4131360	57547200	28272000	50071.9126032	91200000	6359.1329006064	42511.0538001168	109.74	50.0719126032	91.2	6.3591329006064	42.5110538001168	91.2	7.85232	2.51712	77.52	0.8222592	0.06208896
"23138"	"NA"	"M"	10	"NA"	"B6"	"wt"		100040000	100	94.5	82.2	0.12	93252.08592	14.7	13708.05663024	83.6	77958.74382912	0.37	350	1073	86.4	94.1	98.9	99.9	80360000	7.51	6035036	3.13	2515268	86.2	69270320	3.23	2595628	22.8	591803.184	5.44	141202.1632	2.32	60218.5696	1.89	"NA"	0.87	4.23	58.5	36.4	699132	3399228	47010600	29251040	93252.08592	80360000	13708.05663024	77958.74382912	100.04	93.25208592	80.36	13.70805663024	77.95874382912	80.36	6.035036	2.515268	69.27032	0.591803184	0.0602185696
"COM-33253"	"NA"	"F"	4	"NA"	"FVB"	"wt"	"F0"	397650000	88.4	89.7	100	0.038	119819.993436	3.72	4457.3037558192	93.9	112510.973836404	1.1	1318.019927796	3318.72827394535	81.6	92.5	97.8	99.9	293249460.15684	13.4	39295427.6610166	4.17	12228502.4885402	79.7	233719819.745001	2.75	8064360.1543131	33.2	2677367.57123195	7.55	608859.191650639	4.67	376605.619206422	"NA"	"NA"	"NA"	"NA"	"NA"	"NA"	"NA"	"NA"	"NA"	"NA"	119819.993436	293249460.15684	4457.3037558192	112510.973836404	397.65	119.819993436	293.24946015684	4.4573037558192	112.510973836404	293.24946015684	39.2954276610166	12.2285024885402	233.719819745001	2.67736757123195	0.376605619206422
"COM-33254"	"NA"	"F"	4	"NA"	"FVB"	"wt"	"F0"	368800000	87.5	88	100	0.048	136308.48	2.73	3721.221504	95.2	129765.67296	1.1	1499.39328	2705.62770562771	82.8	90.5	97.4	99.9	268902149.287392	12.3	33074964.3623492	3.63	9761148.01913233	81.7	219693055.967799	2.46	6614992.87246984	35	2315247.50536445	7.8	515969.444052648	3.93	259969.219888065	"NA"	"NA"	"NA"	"NA"	"NA"	"NA"	"NA"	"NA"	"NA"	"NA"	136308.48	268902149.287392	3721.221504	129765.67296	368.8	136.30848	268.902149287392	3.721221504	129.76567296	268.902149287392	33.0749643623492	9.76114801913233	219.693055967799	2.31524750536445	0.259969219888065
"COM-33262"	"NA"	"M"	4	"NA"	"FVB"	"wt"	"F0"	301840000	86.8	90	100	0.045	106108.8336	6.49	6886.46330064	89	94436.861904	3.49	3703.19829264	2844.62650054048	85.1	92.7	98.1	99.3	231955322.450599	12.8	29690281.2736767	3.75	8698324.59189748	80.6	186955989.895183	2.86	6633922.22208714	29.7	1970274.89995988	7.19	476979.007768066	2.34	155233.779996839	"NA"	"NA"	"NA"	"NA"	"NA"	"NA"	"NA"	"NA"	"NA"	"NA"	106108.8336	231955322.450599	6886.46330064	94436.861904	301.84	106.1088336	231.955322450599	6.88646330064	94.436861904	231.955322450599	29.6902812736767	8.69832459189748	186.955989895183	1.97027489995988	0.155233779996839
"COM-33264"	"NA"	"M"	4	"NA"	"FVB"	"wt"	"F0"	281840000	86.9	90.6	100	0.069	153108.6386544	4.14	6338.69764029216	93.3	142850.359864555	1.53	2342.56217141232	1840.78444219059	87.1	93.3	98.2	99.9	224687754.996176	13.9	31231597.9444685	4.2	9436885.7098394	79	177503326.446979	2.88	6471007.34388987	26.7	1727758.9608186	8.45	546800.120558694	3.49	225838.156301757	"NA"	"NA"	"NA"	"NA"	"NA"	"NA"	"NA"	"NA"	"NA"	"NA"	153108.6386544	224687754.996176	6338.69764029216	142850.359864555	281.84	153.1086386544	224.687754996176	6.33869764029216	142.850359864555	224.687754996176	31.2315979444685	9.4368857098394	177.503326446979	1.7277589608186	0.225838156301757
"COM-33255"	"NA"	"F"	6	"NA"	"FVB"	"wt"	"F0"	260480000	84	91.3	100	0.089	177792.916224	8.64	15361.3079617536	85.5	152012.94337152	2.86	5084.8774040064	1465.07524333435	86.6	93.1	97.9	99.7	204983925.776439	16.1	33002412.0500067	3.25	6661977.58773427	77.7	159272510.328293	3.01	6170016.16587082	37	2282905.9813722	7.01	432518.133227544	8.92	550365.441995677	"NA"	"NA"	"NA"	"NA"	"NA"	"NA"	"NA"	"NA"	"NA"	"NA"	177792.916224	204983925.776439	15361.3079617536	152012.94337152	260.48	177.792916224	204.983925776439	15.3613079617536	152.01294337152	204.983925776439	33.0024120500067	6.66197758773427	159.272510328293	2.2829059813722	0.550365441995677
"COM-33256"	"NA"	"F"	6	"NA"	"FVB"	"wt"	"F0"	272320000	83.5	90.7	100	0.11	226864.20944	9.43	21393.294950192	82.3	186709.24436912	5.61	12727.082149584	1200.36563137132	83.6	95.1	98.8	99.8	213478340.771605	12.8	27325227.6187654	3.02	6447045.89130246	81.8	174625282.751172	2.32	4952697.50590122	30.8	1525430.83181758	7.5	371452.312942592	6.25	309543.594118826	"NA"	"NA"	"NA"	"NA"	"NA"	"NA"	"NA"	"NA"	"NA"	"NA"	226864.20944	213478340.771605	21393.294950192	186709.24436912	272.32	226.86420944	213.478340771605	21.393294950192	186.70924436912	213.478340771605	27.3252276187654	6.44704589130246	174.625282751172	1.52543083181758	0.309543594118826
"COM-33264"	"NA"	"M"	6	"NA"	"FVB"	"wt"	"F0"	151120000	83.1	90.7	100	0.087	99094.4903448	11.9	11792.2443510312	83	82248.426986184	3.37	3339.48432461976	1525.00910468561	82.8	95	98.6	99.8	116972384.515776	13.8	16142189.0631771	3.81	4456647.85005106	79.4	92876073.3055261	2.97	3474079.82011855	35.8	1243720.57560244	8.13	282442.689375638	6.32	219561.844631492	"NA"	"NA"	"NA"	"NA"	"NA"	"NA"	"NA"	"NA"	"NA"	"NA"	99094.4903448	116972384.515776	11792.2443510312	82248.426986184	151.12	99.0944903448	116.972384515776	11.7922443510312	82.248426986184	116.972384515776	16.1421890631771	4.45664785005107	92.8760733055261	1.24372057560244	0.219561844631492
"COM-33265"	"NA"	"M"	6	"NA"	"FVB"	"wt"	"F0"	111560000	84.2	89.5	100	0.12	100884.60048	16.7	16847.72828016	74.5	75159.0273576	5.46	5508.299186208	1105.81792928958	81.5	94.8	98.5	99.7	84645883.137324	12.3	10411443.6258909	3.3	2793314.14353169	80.4	68055290.0424085	3.99	3377370.73717923	33.2	1121287.0847435	9.79	330644.595169846	7.03	237429.1628237	"NA"	"NA"	"NA"	"NA"	"NA"	"NA"	"NA"	"NA"	"NA"	"NA"	100884.60048	84645883.137324	16847.72828016	75159.0273576	111.56	100.88460048	84.645883137324	16.84772828016	75.1590273576	84.645883137324	10.4114436258909	2.79331414353169	68.0552900424085	1.1212870847435	0.2374291628237
"COM-33330"	"NA"	"F"	4	"NA"	"B6"	"wt"	"F0"	281360000	91	90.9	100	0.061	141970.288824	3.4	4826.989820016	94.2	133736.012072208	1.4	1987.584043536	1981.82311475608	86.4	90.6	97.1	100	213857027.15904	8.65	18498632.849257	3.93	8404581.16735027	83.9	179426045.786435	3.53	7549153.05871411	16.6	1253159.40774654	4.36	329143.073359935	1.74	131355.263221626	"NA"	"NA"	"NA"	"NA"	"NA"	"NA"	"NA"	"NA"	"NA"	"NA"	141970.288824	213857027.15904	4826.989820016	133736.012072208	281.36	141.970288824	213.85702715904	4.826989820016	133.736012072208	213.85702715904	18.498632849257	8.40458116735027	179.426045786435	1.25315940774654	0.131355263221626
"COM-33350"	"NA"	"M"	4	"NA"	"B6"	"wt"	"F0"	202560000	89.6	90.8	100	0.072	118653.3605376	6.82	8092.15918866432	90.5	107381.291286528	1.4	1661.1470475264	1707.15771624362	75.7	91.6	94.8	99.9	133020589.171645	7.51	9989846.24679054	4.15	5520354.45062327	84.9	112934480.206727	3.46	4602512.38533892	16.7	768619.568351599	3.05	140376.627752837	4.68	215397.579633861	"NA"	"NA"	"NA"	"NA"	"NA"	"NA"	"NA"	"NA"	"NA"	"NA"	118653.3605376	133020589.171645	8092.15918866432	107381.291286528	202.56	118.6533605376	133.020589171645	8.09215918866432	107.381291286528	133.020589171645	9.98984624679054	5.52035445062327	112.934480206727	0.768619568351599	0.215397579633861
"COM-33331"	"NA"	"F"	6	"NA"	"B6"	"wt"	"F0"	183240000	87.4	92.2	100	0.088	129940.7319936	7.21	9368.72677673856	91.2	118505.947578163	0.67	870.60290435712	1410.18137414391	87.8	93.8	98.5	99.7	148200280.691551	9.31	13797446.1323834	3.95	5853911.08731627	83.5	123747234.377445	3.27	4846149.17861372	19.5	944999.089829675	4.2	203538.265501776	3.13	151684.469290609	"NA"	"NA"	"NA"	"NA"	"NA"	"NA"	"NA"	"NA"	"NA"	"NA"	129940.7319936	148200280.691551	9368.72677673856	118505.947578163	183.24	129.9407319936	148.200280691551	9.36872677673856	118.505947578163	148.200280691551	13.7974461323834	5.85391108731627	123.747234377445	0.944999089829675	0.151684469290609
"COM-33351"	"NA"	"M"	6	"NA"	"B6"	"wt"	"F0"	102320000	85.9	90.1	100	0.14	110868.078832	11.5	12749.82906568	85.9	95235.679716688	1.59	1762.8024534288	922.898647455116	88.3	94.2	98.7	99.8	83833931.1841315	8.39	7033666.82634863	3.5	2934187.5914446	85.1	71342675.4376959	3.03	2540168.11487918	20.1	510573.791090716	3.85	97796.4724228486	7.78	197625.079337601	"NA"	"NA"	"NA"	"NA"	"NA"	"NA"	"NA"	"NA"	"NA"	"NA"	110868.078832	83833931.1841315	12749.82906568	95235.679716688	102.32	110.868078832	83.8339311841315	12.74982906568	95.235679716688	83.8339311841315	7.03366682634863	2.9341875914446	71.3426754376959	0.510573791090716	0.197625079337601
"COM-27607"	"NA"	"M"	4	"NA"	"B6"	"wt"	"F0"	348500000	80.7	88.4	100	0.076	188947.94568	5.53	10448.821396104	91	171942.6305688	2.41	4553.645490888	1844.42333440457	"NA"	"NA"	"NA"	"NA"	"NA"	"NA"	"NA"	"NA"	"NA"	"NA"	"NA"	"NA"	"NA"	"NA"	"NA"	"NA"	"NA"	"NA"	"NA"	"NA"	"NA"	"NA"	"NA"	"NA"	"NA"	"NA"	"NA"	"NA"	"NA"	188947.94568	"NA"	10448.821396104	171942.6305688	348.5	188.94794568	"NA"	10.448821396104	171.9426305688	"NA"	"NA"	"NA"	"NA"	"NA"	"NA"
"NA"	"NA"	"M"	8	"NA"	"B6"	"wt"	"F0"	140580000	100	96.3	79.2	0.14	150107.725152	18.3	27469.713702816	78.9	118434.995144928	0.84	1260.9048912768	937	83.4	96.4	98.9	99.9	111670000	6.9	7705230	3.84	4288128	85.4	95366180	3.89	4343963	16.4	712409.932	2.82	122499.7566	5.52	239786.7576	"NA"	"NA"	"NA"	"NA"	"NA"	"NA"	"NA"	"NA"	"NA"	"NA"	150107.725152	111670000	27469.713702816	118434.995144928	140.58	150.107725152	111.67	27.469713702816	118.434995144928	111.67	7.70523	4.288128	95.36618	0.712409932	0.2397867576
"1006"	"AN160"	"F"	4	27	"chi6.up"	"Chi6: +/T;Foxn1: -/-"		"NA"	"NA"	"NA"	"NA"	"NA"	"NA"	"NA"	"NA"	"NA"	"NA"	"NA"	"NA"	"NA"	"NA"	"NA"	"NA"	"NA"	37000	2.8	1036	0	0	1.4	518	95.8	35446	1.47	521.0562	"NA"	"NA"	72.1	25556.566	"NA"	"NA"	"NA"	"NA"	"NA"	"NA"	"NA"	"NA"	"NA"	"NA"	"NA"	37000	"NA"	"NA"	"NA"	"NA"	0.037	"NA"	"NA"	0.037	0.001036	0	0.000518	0.0005210562	0.025556566
"907"	"AN150"	"M"	8	"NA"	"chi6.up"	"Chi6: +/T;Foxn1: -/-"		"NA"	"NA"	"NA"	"NA"	"NA"	"NA"	"NA"	"NA"	"NA"	"NA"	"NA"	"NA"	"NA"	"NA"	"NA"	"NA"	"NA"	16500000	4.7	775500	2	330000	89.1	14701500	4.17	688050	26.8	184397.4	"NA"	"NA"	2.4	16513.2	"NA"	"NA"	"NA"	"NA"	"NA"	"NA"	"NA"	"NA"	"NA"	"NA"	"NA"	16500000	"NA"	"NA"	"NA"	"NA"	16.5	"NA"	"NA"	16.5	0.7755	0.33	14.7015	0.1843974	0.0165132
"1150"	"AN241"	"M"	6	"NA"	"chi6.up"	"Chi6: +/T;Foxn1: -/-"		"NA"	"NA"	"NA"	"NA"	"NA"	"NA"	"NA"	"NA"	"NA"	"NA"	"NA"	"NA"	"NA"	"NA"	"NA"	"NA"	"NA"	10400000	6.4	665600	2.4	249600	88.7	9224800	2.31	240240	16.6	39879.84	"NA"	"NA"	6.09	14630.616	"NA"	"NA"	"NA"	"NA"	"NA"	"NA"	"NA"	"NA"	"NA"	"NA"	"NA"	10400000	"NA"	"NA"	"NA"	"NA"	10.4	"NA"	"NA"	10.4	0.6656	0.2496	9.2248	0.03987984	0.014630616
"1004"	"AN233"	"M"	10	"NA"	"chi6.up"	"Chi6: +/T;Foxn1: -/-"		"NA"	"NA"	"NA"	"NA"	"NA"	"NA"	"NA"	"NA"	"NA"	"NA"	"NA"	"NA"	"NA"	"NA"	"NA"	"NA"	"NA"	31600000	5.7	1801200	2.7	853200	88.7	28029200	2.57	812120	16.6	134811.92	"NA"	"NA"	1.1	8933.32	"NA"	"NA"	"NA"	"NA"	"NA"	"NA"	"NA"	"NA"	"NA"	"NA"	"NA"	31600000	"NA"	"NA"	"NA"	"NA"	31.6	"NA"	"NA"	31.6	1.8012	0.8532	28.0292	0.13481192	0.00893332
"1003"	"AN232"	"M"	10	"NA"	"chi6.up"	"Chi6: +/T;Foxn1: -/-"		"NA"	"NA"	"NA"	"NA"	"NA"	"NA"	"NA"	"NA"	"NA"	"NA"	"NA"	"NA"	"NA"	"NA"	"NA"	"NA"	"NA"	30800000	7.9	2433200	2.5	770000	86.5	26642000	2.86	880880	15.1	133012.88	"NA"	"NA"	1.8	15855.84	"NA"	"NA"	"NA"	"NA"	"NA"	"NA"	"NA"	"NA"	"NA"	"NA"	"NA"	30800000	"NA"	"NA"	"NA"	"NA"	30.8	"NA"	"NA"	30.8	2.4332	0.77	26.642	0.13301288	0.01585584
"831"	"AN153"	"M"	21	"NA"	"chi6.up"	"Chi6: +/T;Foxn1: -/-"		"NA"	"NA"	"NA"	"NA"	"NA"	"NA"	"NA"	"NA"	"NA"	"NA"	"NA"	"NA"	"NA"	"NA"	"NA"	"NA"	"NA"	45600000	5.5	2508000	2	912000	88.7	40447200	3.82	1741920	16.6	289158.72	"NA"	"NA"	2.6	45289.92	"NA"	"NA"	"NA"	"NA"	"NA"	"NA"	"NA"	"NA"	"NA"	"NA"	"NA"	45600000	"NA"	"NA"	"NA"	"NA"	45.6	"NA"	"NA"	45.6	2.508	0.912	40.4472	0.28915872	0.04528992
"999"	"AN230"	"M"	10	"NA"	"chi6.up"	"Chi6: +/T;Foxn1: -/-"		"NA"	"NA"	"NA"	"NA"	"NA"	"NA"	"NA"	"NA"	"NA"	"NA"	"NA"	"NA"	"NA"	"NA"	"NA"	"NA"	"NA"	37800000	5.4	2041200	2.5	945000	88.5	33453000	3.22	1217160	12.6	153362.16	"NA"	"NA"	1.7	20691.72	"NA"	"NA"	"NA"	"NA"	"NA"	"NA"	"NA"	"NA"	"NA"	"NA"	"NA"	37800000	"NA"	"NA"	"NA"	"NA"	37.8	"NA"	"NA"	37.8	2.0412	0.945	33.453	0.15336216	0.02069172
"998"	"AN229"	"M"	10	"NA"	"chi6.up"	"Chi6: +/T;Foxn1: -/-"		"NA"	"NA"	"NA"	"NA"	"NA"	"NA"	"NA"	"NA"	"NA"	"NA"	"NA"	"NA"	"NA"	"NA"	"NA"	"NA"	"NA"	36800000	4.6	1692800	2.1	772800	89.6	32972800	3.3	1214400	11	133584	"NA"	"NA"	1.2	14572.8	"NA"	"NA"	"NA"	"NA"	"NA"	"NA"	"NA"	"NA"	"NA"	"NA"	"NA"	36800000	"NA"	"NA"	"NA"	"NA"	36.8	"NA"	"NA"	36.8	1.6928	0.7728	32.9728	0.133584	0.0145728
"962"	"AN147 b"	"F"	10	"NA"	"chi6.up"	"Chi6: +/T;Foxn1: -/-"		"NA"	"NA"	"NA"	"NA"	"NA"	"NA"	"NA"	"NA"	"NA"	"NA"	"NA"	"NA"	"NA"	"NA"	"NA"	"NA"	"NA"	66800	11.3	7548.4	6.4	4275.2	68.9	46025.2	10.9	7281.2	7.39	538.08068	"NA"	"NA"	1.3	94.6556	"NA"	"NA"	"NA"	"NA"	"NA"	"NA"	"NA"	"NA"	"NA"	"NA"	"NA"	66800	"NA"	"NA"	"NA"	"NA"	0.0668	"NA"	"NA"	0.0668	0.0075484	0.0042752	0.0460252	0.00053808068	0.0000946556
"829"	"AN152"	"M"	21	"NA"	"chi6.up"	"Chi6: +/T;Foxn1: -/-"		"NA"	"NA"	"NA"	"NA"	"NA"	"NA"	"NA"	"NA"	"NA"	"NA"	"NA"	"NA"	"NA"	"NA"	"NA"	"NA"	"NA"	34400000	5.7	1960800	1.9	653600	89.1	30650400	3.32	1142080	19.9	227273.92	"NA"	"NA"	3.8	43399.04	"NA"	"NA"	"NA"	"NA"	"NA"	"NA"	"NA"	"NA"	"NA"	"NA"	"NA"	34400000	"NA"	"NA"	"NA"	"NA"	34.4	"NA"	"NA"	34.4	1.9608	0.6536	30.6504	0.22727392	0.04339904
"1152"	"AN243"	"F"	6	"NA"	"chi6.up"	"Chi6: +/T;Foxn1: -/-"		"NA"	"NA"	"NA"	"NA"	"NA"	"NA"	"NA"	"NA"	"NA"	"NA"	"NA"	"NA"	"NA"	"NA"	"NA"	"NA"	"NA"	7900000	6.7	529300	2.8	221200	86	6794000	2.46	194340	15.6	30317.04	"NA"	"NA"	17.58	34164.972	"NA"	"NA"	"NA"	"NA"	"NA"	"NA"	"NA"	"NA"	"NA"	"NA"	"NA"	7900000	"NA"	"NA"	"NA"	"NA"	7.9	"NA"	"NA"	7.9	0.5293	0.2212	6.794	0.03031704	0.034164972
"899"	"AN128"	"F"	10	"NA"	"chi6.up"	"Chi6: +/T;Foxn1: -/-"		"NA"	"NA"	"NA"	"NA"	"NA"	"NA"	"NA"	"NA"	"NA"	"NA"	"NA"	"NA"	"NA"	"NA"	"NA"	"NA"	"NA"	22800000	9.4	2143200	5.2	1185600	76.7	17487600	8.81	2008680	15.6	313354.08	"NA"	"NA"	1.4	28121.52	"NA"	"NA"	"NA"	"NA"	"NA"	"NA"	"NA"	"NA"	"NA"	"NA"	"NA"	22800000	"NA"	"NA"	"NA"	"NA"	22.8	"NA"	"NA"	22.8	2.1432	1.1856	17.4876	0.31335408	0.02812152
"834"	"AN227"	"M"	32	"NA"	"chi6.up"	"Chi6: +/T;Foxn1: -/-"		"NA"	"NA"	"NA"	"NA"	"NA"	"NA"	"NA"	"NA"	"NA"	"NA"	"NA"	"NA"	"NA"	"NA"	"NA"	"NA"	"NA"	23000000	5.4	1242000	2.2	506000	89.4	20562000	2.71	623300	18.1	112817.3	"NA"	"NA"	2.8	17452.4	"NA"	"NA"	"NA"	"NA"	"NA"	"NA"	"NA"	"NA"	"NA"	"NA"	"NA"	23000000	"NA"	"NA"	"NA"	"NA"	23	"NA"	"NA"	23	1.242	0.506	20.562	0.1128173	0.0174524
"904"	"AN149"	"F"	8	"NA"	"chi6.up"	"Chi6: +/T;Foxn1: -/-"		"NA"	"NA"	"NA"	"NA"	"NA"	"NA"	"NA"	"NA"	"NA"	"NA"	"NA"	"NA"	"NA"	"NA"	"NA"	"NA"	"NA"	24000000	6.7	1608000	2.6	624000	84	20160000	6.87	1648800	28.4	468259.2	"NA"	"NA"	1.8	29678.4	"NA"	"NA"	"NA"	"NA"	"NA"	"NA"	"NA"	"NA"	"NA"	"NA"	"NA"	24000000	"NA"	"NA"	"NA"	"NA"	24	"NA"	"NA"	24	1.608	0.624	20.16	0.4682592	0.0296784
"835"	"AN228"	"M"	32	"NA"	"chi6.up"	"Chi6: +/T;Foxn1: -/-"		"NA"	"NA"	"NA"	"NA"	"NA"	"NA"	"NA"	"NA"	"NA"	"NA"	"NA"	"NA"	"NA"	"NA"	"NA"	"NA"	"NA"	30100000	7.5	2257500	2.7	812700	85.5	25735500	3.8	1143800	17.6	201308.8	"NA"	"NA"	0.7	8006.6	"NA"	"NA"	"NA"	"NA"	"NA"	"NA"	"NA"	"NA"	"NA"	"NA"	"NA"	30100000	"NA"	"NA"	"NA"	"NA"	30.1	"NA"	"NA"	30.1	2.2575	0.8127	25.7355	0.2013088	0.0080066
"1105"	"AN237"	"M"	2.5	18	"chi6.down"	"Chi6: +/T;Foxn1: -/-"		"NA"	"NA"	"NA"	"NA"	"NA"	"NA"	"NA"	"NA"	"NA"	"NA"	"NA"	"NA"	"NA"	"NA"	"NA"	"NA"	"NA"	60000	1.1	660	0.6	360	86.2	51720	11.2	6720	0.86	57.792	"NA"	"NA"	79.3	5328.96	"NA"	"NA"	"NA"	"NA"	"NA"	"NA"	"NA"	"NA"	"NA"	"NA"	"NA"	60000	"NA"	"NA"	"NA"	"NA"	0.06	"NA"	"NA"	0.06	0.00066	0.00036	0.05172	0.000057792	0.00532896
"972"	"AN157"	"M"	4	30	"chi6.down"	"Chi6: +/T;Foxn1: -/-"		"NA"	"NA"	"NA"	"NA"	"NA"	"NA"	"NA"	"NA"	"NA"	"NA"	"NA"	"NA"	"NA"	"NA"	"NA"	"NA"	"NA"	330000	16.2	53460	13.8	45540	46.5	153450	21.4	70620	4.18	2951.916	"NA"	"NA"	32.8	23163.36	"NA"	"NA"	"NA"	"NA"	"NA"	"NA"	"NA"	"NA"	"NA"	"NA"	"NA"	330000	"NA"	"NA"	"NA"	"NA"	0.33	"NA"	"NA"	0.33	0.05346	0.04554	0.15345	0.002951916	0.02316336
"855"	"AN148"	"M"	2.5	19	"chi6.down"	"Chi6: +/T;Foxn1: -/-"		"NA"	"NA"	"NA"	"NA"	"NA"	"NA"	"NA"	"NA"	"NA"	"NA"	"NA"	"NA"	"NA"	"NA"	"NA"	"NA"	"NA"	20000	0	0	0	0	43.5	8700	52	10400	6.2	644.8	"NA"	"NA"	64.7	6728.8	"NA"	"NA"	"NA"	"NA"	"NA"	"NA"	"NA"	"NA"	"NA"	"NA"	"NA"	20000	"NA"	"NA"	"NA"	"NA"	0.02	"NA"	"NA"	0.02	0	0	0.0087	0.0006448	0.0067288
"1102"	"AN235"	"F"	2.5	18	"chi6.down"	"Chi6: +/T;Foxn1: -/-"		"NA"	"NA"	"NA"	"NA"	"NA"	"NA"	"NA"	"NA"	"NA"	"NA"	"NA"	"NA"	"NA"	"NA"	"NA"	"NA"	"NA"	80000	2.2	1760	5.5	4400	35	28000	51.7	41360	0.47	194.392	"NA"	"NA"	68.6	28372.96	"NA"	"NA"	"NA"	"NA"	"NA"	"NA"	"NA"	"NA"	"NA"	"NA"	"NA"	80000	"NA"	"NA"	"NA"	"NA"	0.08	"NA"	"NA"	0.08	0.00176	0.0044	0.028	0.000194392	0.02837296
"968"	"AN159"	"F"	4	30	"chi6.down"	"Chi6: +/T;Foxn1: -/-"		"NA"	"NA"	"NA"	"NA"	"NA"	"NA"	"NA"	"NA"	"NA"	"NA"	"NA"	"NA"	"NA"	"NA"	"NA"	"NA"	"NA"	1400000	13	182000	14	196000	34.8	487200	34.4	481600	4.91	23646.56	"NA"	"NA"	32.2	155075.2	"NA"	"NA"	"NA"	"NA"	"NA"	"NA"	"NA"	"NA"	"NA"	"NA"	"NA"	1400000	"NA"	"NA"	"NA"	"NA"	1.4	"NA"	"NA"	1.4	0.182	0.196	0.4872	0.02364656	0.1550752
"974"	"AN156"	"M"	4	30	"chi6.down"	"Chi6: +/T;Foxn1: -/-"		"NA"	"NA"	"NA"	"NA"	"NA"	"NA"	"NA"	"NA"	"NA"	"NA"	"NA"	"NA"	"NA"	"NA"	"NA"	"NA"	"NA"	240000	16.4	39360	18.8	45120	23.9	57360	37.8	90720	3.38	3066.336	"NA"	"NA"	52.3	47446.56	"NA"	"NA"	"NA"	"NA"	"NA"	"NA"	"NA"	"NA"	"NA"	"NA"	"NA"	240000	"NA"	"NA"	"NA"	"NA"	0.24	"NA"	"NA"	0.24	0.03936	0.04512	0.05736	0.003066336	0.04744656
"717"	"AN59"	"F"	3.5	"NA"	"chi6.down"	"Chi6: +/T;Foxn1: -/-"		"NA"	"NA"	"NA"	"NA"	"NA"	"NA"	"NA"	"NA"	"NA"	"NA"	"NA"	"NA"	"NA"	"NA"	"NA"	"NA"	"NA"	20000	0.4	80	1	200	11.2	2240	66.8	13360	1.7	227.12	"NA"	"NA"	28.7	3834.32	"NA"	"NA"	"NA"	"NA"	"NA"	"NA"	"NA"	"NA"	"NA"	"NA"	"NA"	20000	"NA"	"NA"	"NA"	"NA"	0.02	"NA"	"NA"	0.02	0.00008	0.0002	0.00224	0.00022712	0.00383432
"1017"	"AN234"	"M"	8	"NA"	"chi6.down"	"Chi6: +/T;Foxn1: -/-"		"NA"	"NA"	"NA"	"NA"	"NA"	"NA"	"NA"	"NA"	"NA"	"NA"	"NA"	"NA"	"NA"	"NA"	"NA"	"NA"	"NA"	1400000	9	126000	1.9	26600	0.8	11200	82.5	1155000	0.24	2772	"NA"	"NA"	88.2	1018710	"NA"	"NA"	"NA"	"NA"	"NA"	"NA"	"NA"	"NA"	"NA"	"NA"	"NA"	1400000	"NA"	"NA"	"NA"	"NA"	1.4	"NA"	"NA"	1.4	0.126	0.0266	0.0112	0.002772	1.01871
"983"	"AN155"	"M"	4	29	"chi6.down"	"Chi6: +/T;Foxn1: -/-"		"NA"	"NA"	"NA"	"NA"	"NA"	"NA"	"NA"	"NA"	"NA"	"NA"	"NA"	"NA"	"NA"	"NA"	"NA"	"NA"	"NA"	160000	0	0	0.3	480	0	0	82.9	132640	5.84	7746.176	"NA"	"NA"	25.7	34088.48	"NA"	"NA"	"NA"	"NA"	"NA"	"NA"	"NA"	"NA"	"NA"	"NA"	"NA"	160000	"NA"	"NA"	"NA"	"NA"	0.16	"NA"	"NA"	0.16	0	0.00048	0	0.007746176	0.03408848
"1973"	"NA"	"NA"	3.5	"NA"	"FVB"	"wt"	"F0"	373300000	100	100	100	0.0243810286632735	91014.38	8.21	7472.280598	90.8	82641.05704	"NA"	"NA"	4102	"NA"	"NA"	"NA"	"NA"	"NA"	8.35	"NA"	3.04	"NA"	86.9	"NA"	1.76	"NA"	"NA"	"NA"	"NA"	"NA"	4.88	"NA"	"NA"	"NA"	"NA"	"NA"	"NA"	"NA"	"NA"	"NA"	"NA"	"NA"	91014.38	"NA"	7472.280598	82641.05704	373.3	91.01438	"NA"	7.472280598	82.64105704	"NA"	"NA"	"NA"	"NA"	"NA"	"NA"
"1975"	"NA"	"NA"	3.5	"NA"	"FVB"	"wt"	"F0"	321300000	100	100	100	0.0219336912542795	70472.95	4.11	2896.438245	94.9	66878.82955	"NA"	"NA"	4559	"NA"	"NA"	"NA"	"NA"	"NA"	8.87	"NA"	3.34	"NA"	85.9	"NA"	1.86	"NA"	"NA"	"NA"	"NA"	"NA"	4.37	"NA"	"NA"	"NA"	"NA"	"NA"	"NA"	"NA"	"NA"	"NA"	"NA"	"NA"	70472.95	"NA"	2896.438245	66878.82955	321.3	70.47295	"NA"	2.896438245	66.87882955	"NA"	"NA"	"NA"	"NA"	"NA"	"NA"
"1974"	"NA"	"NA"	3.5	"NA"	"FVB"	"wt"	"F0"	295200000	100	100	100	0.0110092784552846	32499.3900000001	3.52	1143.97852800001	94.5	30711.9235500001	"NA"	"NA"	9083	"NA"	"NA"	"NA"	"NA"	"NA"	11.7	"NA"	4.44	"NA"	81	"NA"	2.94	"NA"	"NA"	"NA"	"NA"	"NA"	2.45	"NA"	"NA"	"NA"	"NA"	"NA"	"NA"	"NA"	"NA"	"NA"	"NA"	"NA"	32499.3900000001	"NA"	1143.97852800001	30711.9235500001	295.2	32.4993900000001	"NA"	1.143978528	30.7119235500001	"NA"	"NA"	"NA"	"NA"	"NA"	"NA"
"1976"	"NA"	"NA"	3.5	"NA"	"FVB"	"wt"	"F0"	217680000	100	100	100	0.0167188579566336	36393.61	2.89	1051.775329	95.3	34683.11033	"NA"	"NA"	5981	"NA"	"NA"	"NA"	"NA"	"NA"	13.7	"NA"	4.47	"NA"	79	"NA"	2.9	"NA"	"NA"	"NA"	"NA"	"NA"	4.29	"NA"	"NA"	"NA"	"NA"	"NA"	"NA"	"NA"	"NA"	"NA"	"NA"	"NA"	36393.61	"NA"	1051.775329	34683.11033	217.68	36.39361	"NA"	1.051775329	34.68311033	"NA"	"NA"	"NA"	"NA"	"NA"	"NA"
"NA"	"NA"	"NA"	3.5	"NA"	"B6"	"wt"	"F0"	299280000	100	100	100	0.0383107792034215	114656.5	1.81	2075.28265	97.1	111331.4615	"NA"	"NA"	2610	"NA"	"NA"	"NA"	"NA"	"NA"	5.97	"NA"	2.84	"NA"	88.1	"NA"	3.13	"NA"	"NA"	"NA"	"NA"	"NA"	1.75	"NA"	"NA"	"NA"	"NA"	"NA"	"NA"	"NA"	"NA"	"NA"	"NA"	"NA"	114656.5	"NA"	2075.28265	111331.4615	299.28	114.6565	"NA"	2.07528265	111.3314615	"NA"	"NA"	"NA"	"NA"	"NA"	"NA"
